split,period,subject_id,run,residual_mse,stable_mse,dynamic_mse,lag1_pearson,first_difference_mse
train,full,100206,LR,0.16968328512726122,0.02888572268998051,0.1407975624372807,0.9641921655382397,0.010107131665488937
train,full,100408,LR,0.3493500314777164,0.22785561593639986,0.12149441554131661,0.9657721896166396,0.008305391671075265
train,full,100610,LR,0.15408565355350098,0.03238854841607144,0.12169710513742954,0.9595711768151837,0.009860268009015035
train,full,101309,LR,0.14958526544499054,0.02896895889389359,0.12061630655109694,0.9558644461617799,0.010653523165781161
train,full,101410,LR,0.16759410065865896,0.05793574347308684,0.10965835718557213,0.9603505653905159,0.008705668769163077
train,full,101915,LR,0.19067576587124774,0.05362928638807836,0.1370464794831694,0.967317465182995,0.008973059601757831
train,full,102008,LR,0.2574763463960563,0.1248432180288849,0.13263312836717145,0.966306228260671,0.008903320620739098
train,full,102311,LR,0.18792637360270434,0.0816220132472766,0.10630436035542777,0.9582860085094663,0.008873522547553733
train,full,102513,LR,0.1841745228384223,0.0353462218774677,0.1488283009609546,0.9680929648224741,0.009504273877539418
train,full,102715,LR,0.15834386953886992,0.03967398086571545,0.11866988867315449,0.9605271629313692,0.00937651285473111
train,full,102816,LR,0.1882998513378312,0.06991147206265591,0.11838837927517526,0.9594984221923737,0.009594338133800234
train,full,103010,LR,0.16511142150727767,0.03717071773241868,0.12794070377485897,0.9668052886831272,0.008505082551859175
train,full,103111,LR,0.16577110379804194,0.049156021245398765,0.11661508255264319,0.957936597871342,0.009821450724559314
train,full,103414,LR,0.15876100366156173,0.05139766585510072,0.107363337806461,0.9584519314149959,0.008935590817531909
train,full,103515,LR,0.18951076896456717,0.07184406074755859,0.11766670821700856,0.9621152782541902,0.008921308896860717
train,full,103818,LR,0.1740180897929096,0.06443305833043622,0.10958503146247343,0.9646060022784374,0.007764867042992359
train,full,104416,LR,0.15438780637307062,0.04021307284577899,0.11417473352729163,0.9612166315015757,0.008871016587655638
train,full,104820,LR,0.19342582598449026,0.04367511870026764,0.14975070728422263,0.9678642328024298,0.009638044106014609
train,full,105014,LR,0.15070371454102333,0.03377361690052874,0.1169300976404946,0.9575856289158504,0.009925511216248592
train,full,105115,LR,0.18575456988706876,0.06464632770768017,0.1211082421793886,0.9620104271063081,0.009206297481187118
train,full,105216,LR,0.17931270391069506,0.05488187824282297,0.12443082566787214,0.958465123739715,0.010353114713079058
train,full,105620,LR,0.17879901666522957,0.048206010648379094,0.1305930060168505,0.9654762206472002,0.009035022557781732
train,full,105923,LR,0.1556985110409192,0.04701163059261165,0.10868688044830754,0.9593136115846238,0.008858634702587643
train,full,106016,LR,0.1957768858582738,0.0627193828489596,0.1330575030093142,0.9604292132886926,0.01054796851319699
train,full,106319,LR,0.3310275127253683,0.1375550378868681,0.19347247483850027,0.9760200575489827,0.009283840405498872
train,full,106824,LR,0.22867854096089477,0.05779212510127561,0.17088641585961917,0.9676665239148983,0.011056355958372253
train,full,107321,LR,0.13795242594400964,0.03558034574190577,0.10237208020210387,0.9603234276505123,0.008133765960015122
train,full,107422,LR,0.187039562596197,0.06120020461041954,0.12583935798577747,0.9551460425192995,0.011300200033802988
train,full,108020,LR,0.2361703432108288,0.05374972199410969,0.18242062121671906,0.9750695462999593,0.009092569523443257
train,full,108222,LR,0.23005277711174765,0.07447701451809144,0.1555757625936562,0.9704225041836201,0.00922547565266418
train,full,108828,LR,0.23064995407751634,0.08946776529506906,0.14118218878244734,0.9672661568496694,0.009235918220711964
train,full,109123,LR,0.17247429790103866,0.04299999553585149,0.12947430236518714,0.9637502563962431,0.009403092011035109
train,full,109830,LR,0.14030765737191475,0.035184098323784635,0.1051235590481301,0.9623748134386627,0.007923273144662726
train,full,110007,LR,0.15373543529747266,0.04246555214184354,0.1112698831556291,0.9615949066604065,0.0085505965218567
train,full,110411,LR,0.14440262439630908,0.024310706004364975,0.12009191839194411,0.9585638949019597,0.009969053206708784
train,full,110613,LR,0.21055720666201458,0.04022960133309662,0.17032760532891794,0.9711886509948976,0.009830088381542642
train,full,111211,LR,0.20072795554187467,0.07854954847531356,0.12217840706656116,0.9640058504626715,0.008812493940180547
train,full,111312,LR,0.15440261206736747,0.04278888815258659,0.11161372391478087,0.9606239853101097,0.008777376343185341
train,full,111514,LR,0.18674401326191825,0.07352460732774603,0.11321940593417222,0.9590651844739145,0.009277207233327504
train,full,111716,LR,0.1683135034246626,0.05497128777305739,0.11334221565160524,0.9565359297918704,0.009862309913914727
train,full,112112,LR,0.2045167008141544,0.03629725250752841,0.168219448306626,0.9701136623192601,0.010074111310059856
train,full,112314,LR,0.1778472136493378,0.03649560223312004,0.1413516114162178,0.9657032398083201,0.009701345543329586
train,full,112516,LR,0.15623221763713777,0.03783662586651595,0.11839559177062182,0.963669032121553,0.008618040350625885
train,full,112819,LR,0.13462309888674534,0.02846568933032169,0.10615740955642364,0.9583917983482878,0.008835740652751651
train,full,112920,LR,0.32655547203320623,0.14793715061201618,0.17861832142119002,0.9708057631355411,0.010433601153642247
train,full,113215,LR,0.17198084085248536,0.048111093448265196,0.12386974740422015,0.9602016822347516,0.009854725398688542
train,full,113316,LR,0.15996055205610848,0.037343822824851776,0.12261672923125672,0.9618527768516348,0.009351886478377498
train,full,113619,LR,0.15125420971293124,0.023965418745164318,0.12728879096776693,0.9613404416085234,0.00985993852755588
train,full,113922,LR,0.16382951916175828,0.04485163193146972,0.11897788723028856,0.9637547211337355,0.008627693834402386
train,full,114217,LR,0.16721414319381997,0.047169451475944126,0.12004469171787584,0.9585752611675946,0.00995667405184024
train,full,114419,LR,0.16673582432544082,0.05325767668801302,0.1134781476374278,0.9608660339167875,0.008881354899584963
train,full,115017,LR,0.13576248809787972,0.030986964809490983,0.10477552328838874,0.9582166166282854,0.008767255077205377
train,full,115219,LR,0.16121107327470377,0.03298833841810608,0.1282227348565977,0.9630243472151742,0.009492946656282922
train,full,115320,LR,0.18640133906660686,0.06759086578707002,0.11881047327953684,0.9625816820725552,0.008882632172022066
train,full,115724,LR,0.19126808460301667,0.08546899848860083,0.1057990861144158,0.9595914905841658,0.008562040078606168
train,full,115825,LR,0.15617777426994714,0.03910042394867967,0.11707735032126748,0.9624221757027467,0.008810509292918576
train,full,116423,LR,0.1748348166464098,0.03734578735461586,0.13748902929179396,0.9625240295686006,0.0103139785895163
train,full,116726,LR,0.18194246021543048,0.06268582042067083,0.11925663979475964,0.9578748145966706,0.010057402060906308
train,full,117021,LR,0.1676833990006497,0.04904569535146518,0.11863770364918454,0.9635024400784976,0.008664746157187942
train,full,117324,LR,0.17644218835040112,0.049267279920548024,0.12717490842985313,0.9646649941003035,0.008971607690506422
train,full,117930,LR,0.14985657516836842,0.03611734051193854,0.11373923465642986,0.9642519318617676,0.008139178829943227
train,full,118023,LR,0.29022500146011804,0.09895647499116539,0.19126852646895262,0.9739844466413555,0.009940175349554884
train,full,118124,LR,0.22394282116737615,0.11051082862604532,0.11343199254133082,0.9609853092553293,0.008853853945992066
train,full,118225,LR,0.18078958747123886,0.03489405524508611,0.14589553222615279,0.9609188358472877,0.01142992143129471
train,full,118730,LR,0.1596425170289235,0.047248220329846775,0.11239429669907673,0.9602823281288176,0.008942102988342795
train,full,118932,LR,0.16007395172099487,0.044761630884823204,0.11531232083617166,0.9608578738566108,0.009030222267714832
train,full,119025,LR,0.20103787908983178,0.0836723730892542,0.1173655060005776,0.9598955541908964,0.009421443391146516
train,full,119126,LR,0.1699554396320647,0.05765358033851836,0.11230185929354633,0.9577229310013278,0.009504499418320225
train,full,120111,LR,0.15706213996375015,0.051432654893267586,0.10562948507048255,0.9586991083467695,0.008737092597645588
train,full,120212,LR,0.18189075989682563,0.06749010148213752,0.11440065841468809,0.9591095100105143,0.009361322008742463
train,full,120414,LR,0.16175411356250832,0.03408100591245432,0.12767310765005402,0.964705370728156,0.009028050360889118
train,full,120515,LR,0.17419603632617578,0.0396510649440405,0.13454497138213528,0.963369201482636,0.00986295541065399
train,full,120717,LR,0.16818173634993316,0.04582004156682617,0.122361694783107,0.9642651162926075,0.008763288113541374
train,full,121416,LR,0.2321654061888062,0.08579968643356158,0.14636571975524462,0.9674859423388861,0.00953017716999408
train,full,121719,LR,0.1926688538837341,0.05804897272548239,0.1346198811582517,0.9669813101933045,0.008904760172200056
train,full,121921,LR,0.22080135064462508,0.06426298355810421,0.15653836708652089,0.9660336620898251,0.010649950364102479
train,full,122620,LR,0.15637591274664267,0.0393503435323745,0.11702556921426814,0.9597650938029905,0.009423263223151067
train,full,122822,LR,0.1741143643340926,0.061513029008102016,0.11260133532599058,0.9626010018479273,0.00843768543795453
train,full,123420,LR,0.1537663780786249,0.046144265007394485,0.10762211307123037,0.9589882251813463,0.008837648101075275
train,full,123824,LR,0.23785741179451458,0.08118714145338822,0.15667027034112635,0.9698690140282291,0.009434585694615362
train,full,124220,LR,0.17683183442971634,0.043504660282652485,0.13332717414706385,0.9658984083588177,0.009106643907252004
train,full,124422,LR,0.16586871826932656,0.054030668779814106,0.11183804948951248,0.9593528236814717,0.00909845172210754
train,full,124826,LR,0.20120160721483288,0.07795270696114558,0.1232489002536873,0.96344754823982,0.009017980612934972
train,full,125222,LR,0.146492462999272,0.031948045726598685,0.1145444172726733,0.9572646503225684,0.009786840291626263
train,full,125424,LR,0.18083265090824371,0.049987630293772345,0.13084502061447134,0.9600739584812561,0.010469312569366528
train,full,125525,LR,0.1770546732843642,0.0476268172342774,0.1294278560500868,0.9636474003464898,0.00942078927798414
train,full,126628,LR,0.2793500273031069,0.16491702242626777,0.11443300487683908,0.9653550313798966,0.007930031924178389
train,full,127226,LR,0.1910347046221099,0.06384789717754223,0.12718680744456767,0.9619654419998216,0.009659109189867848
train,full,127327,LR,0.17907479364430595,0.07061988369312962,0.10845490995117633,0.958340920354686,0.009042625986816736
train,full,127630,LR,0.184153308429576,0.05132128375650069,0.13283202467307534,0.9642095810105369,0.00951591705807127
train,full,127731,LR,0.17968529953320259,0.06679637089754954,0.11288892863565306,0.9586870357853821,0.009330928099429337
train,full,127832,LR,0.1943426469205331,0.052925493417836755,0.14141715350269635,0.9643536057455161,0.010105487782736806
train,full,127933,LR,0.18207482576112616,0.05911817779913285,0.1229566479619933,0.9603558485479691,0.009756873753601972
train,full,128026,LR,0.18201090904357853,0.036124249698013824,0.1458866593455647,0.9612373115591019,0.011315147162703178
train,full,128127,LR,0.20641346097723753,0.06914636848578712,0.13726709249145044,0.9631011657845738,0.010147371412947293
train,full,128632,LR,0.22836492183085255,0.10031309266685139,0.12805182916400115,0.9646964624142322,0.009055641675415832
train,full,129028,LR,0.14449788547122447,0.03612751014053775,0.1083703753306867,0.9596115362243022,0.008755551919327203
train,full,129129,LR,0.16771864353534668,0.0414678306857447,0.126250812849602,0.9632244889014889,0.009294460104226502
train,full,129634,LR,0.18147043586974687,0.05938726991438903,0.12208316595535783,0.9603014688014326,0.009704549597852186
train,full,129937,LR,0.14446902181052768,0.042781726189275775,0.10168729562125191,0.9586751881622966,0.008404091608249271
train,full,130013,LR,0.15592621240874127,0.029487239836216296,0.12643897257252498,0.9595685436107876,0.010235635327043854
train,full,130316,LR,0.146845042420486,0.03352168707524534,0.11332335534524063,0.9604337274184483,0.008976553715537763
train,full,130417,LR,0.16239616198479903,0.04157419616874431,0.12082196581605474,0.9585576540717452,0.010027216719150502
train,full,130518,LR,0.1834839792705941,0.04525106543961526,0.13823291383097883,0.9633854211638959,0.010128859531590486
train,full,130619,LR,0.15605432948203798,0.03901337589873903,0.11704095358329895,0.9589685979049167,0.009624058425955373
train,full,130720,LR,0.2712505903536605,0.05431572467290803,0.21693486568075246,0.9662240617558605,0.0146903067139363
train,full,130821,LR,0.19769463067016005,0.09048867756109888,0.10720595310906116,0.9591998937717275,0.008739155341500836
train,full,131419,LR,0.17343393552653966,0.03500762695815675,0.13842630856838287,0.9641200031199025,0.009955488384894094
train,full,131722,LR,0.1624666542175308,0.038065278545575364,0.12440137567195544,0.9601201203392179,0.009907417455346096
train,full,131823,LR,0.1638792139860106,0.030327804636006282,0.13355140935000434,0.9606210966706008,0.010538841457115151
train,full,131924,LR,0.167345333738983,0.03845167324585244,0.12889366049313059,0.9647536096649967,0.009105603657333181
train,full,132017,LR,0.16617178669709523,0.042015818144665075,0.12415596855243018,0.9652764879623197,0.008637682421409509
train,full,132118,LR,0.15954376128950234,0.043730339441574256,0.11581342184792809,0.9564933069922821,0.010087240772712738
train,full,133019,LR,0.19504606561017307,0.08249005313639625,0.11255601247377682,0.966001907691152,0.0076380528116364805
train,full,133928,LR,0.32113442767996137,0.1910647837842385,0.1300696438957229,0.9666616583320439,0.008661313003540484
train,full,134021,LR,0.22163974175756668,0.10262281849375848,0.11901692326380822,0.9606794250953807,0.009366600764281622
train,full,134324,LR,0.1436256558266557,0.029457997749640683,0.11416765807701501,0.9613260949213979,0.00884274513745251
train,full,134425,LR,0.16028236655509817,0.027263968113405944,0.13301839844169222,0.9653773206920788,0.00922422298006571
train,full,134627,LR,0.16351950410874735,0.03108916007763054,0.13243034403111678,0.9645433149586082,0.009396312596959066
train,full,134829,LR,0.1873011977645153,0.03967909946939188,0.14762209829512338,0.9658742811139543,0.010093585045664911
train,full,135225,LR,0.18933699653603248,0.04896698478537663,0.14037001175065583,0.9671734109645473,0.00923145419159908
train,full,135528,LR,0.15168569302025395,0.04650266655080171,0.10518302646945224,0.9605628212393743,0.008307400036247104
train,full,135730,LR,0.16876865569863275,0.02960958153442759,0.13915907416420514,0.9647764454884556,0.009821617629855601
train,full,135932,LR,0.17965850452097648,0.03900873211275408,0.14064977240822243,0.9686909032997497,0.008803094897536806
train,full,136126,LR,0.17213235896917864,0.04465421106135564,0.12747814790782303,0.9627362695640623,0.00951285016144132
train,full,136227,LR,0.19173698154814808,0.050136532591488134,0.14160044895665994,0.9660758682778001,0.009623092243127079
train,full,136732,LR,0.14757187148718395,0.02815458482822863,0.11941728665895533,0.9650432180036332,0.008364556990020217
train,full,137027,LR,0.15276651293659488,0.04075726329166245,0.11200924964493243,0.9574958587186101,0.009535199627352426
train,full,137128,LR,0.16657638801625363,0.04472685585153461,0.12184953216471901,0.9618299316267075,0.00930333288444796
train,full,137229,LR,0.21609318642381095,0.08700562900007751,0.1290875574237334,0.9608920700992637,0.010085228820207638
train,full,137633,LR,0.1793659334707084,0.041836735720718214,0.13752919774999017,0.9669956626467797,0.009087185887345223
train,full,137936,LR,0.21552376981924648,0.0751172856157198,0.14040648420352667,0.9635672376138648,0.01023722712374806
train,full,138130,LR,0.18506618724674515,0.052284154960666414,0.13278203228607874,0.9598795132165875,0.010654344690621344
train,full,139435,LR,0.19503597408051934,0.0500484677933804,0.14498750628713897,0.9631908265574817,0.010693200543509505
train,full,139637,LR,0.15573864728839804,0.03836979263911614,0.11736885464928189,0.9622449856301316,0.008867696847046623
train,full,139839,LR,0.1669274696115887,0.04591898430503311,0.1210084853065556,0.9638088492001957,0.00877028235564866
train,full,140117,LR,0.15226470418213883,0.03470459598434604,0.11756010819779279,0.9607507573611214,0.009245041912262296
train,full,140319,LR,0.1662226611528941,0.03563027246098999,0.13059238869190412,0.9602152267007861,0.010408290672668083
train,full,140824,LR,0.19600435956259699,0.05494232619554576,0.14106203336705123,0.9643137057626878,0.010082462107886872
train,full,140925,LR,0.20096629708761346,0.027217195584523613,0.17374910150308986,0.9735142194842309,0.009213744468624963
train,full,141119,LR,0.20625163112241568,0.07214864978065771,0.134102981341758,0.9629512021607496,0.009929383170287517
train,full,141422,LR,0.1440507779763577,0.03767937902718069,0.10637139894917702,0.9603960310641373,0.008433782684296167
train,full,141826,LR,0.1491048685648485,0.028567185699857202,0.1205376828649913,0.95828320531409,0.010073728216566366
train,full,142828,LR,0.2607633072565605,0.10830378860529302,0.15245951865126742,0.9678937607293022,0.009788197748047242
train,full,143224,LR,0.19861927924190545,0.09260859380612432,0.10601068543578114,0.96144053122614,0.008184750684581507
train,full,143325,LR,0.16905279192614978,0.06611559943257174,0.10293719249357805,0.9591195965746176,0.008421198821072512
train,full,143830,LR,0.16396463379751586,0.023519239801035808,0.14044539399648007,0.9612247754797918,0.010915545090486537
train,full,144226,LR,0.12330660814636567,0.027089564155539272,0.0962170439908264,0.9560551163949883,0.008461384028407045
train,full,144832,LR,0.14880568438600503,0.033976813481155985,0.11482887090484904,0.9608050603674171,0.009016792920916878
train,full,145127,LR,0.1555296155602785,0.04120453192723481,0.1143250836330437,0.962458670119489,0.008592129681074378
train,full,145834,LR,0.19672548923844782,0.06792033880868095,0.12880515042976684,0.9649769788394519,0.0090260187113905
train,full,146331,LR,0.19575226807752868,0.030909844023050005,0.16484242405447866,0.9653389250240638,0.011451715524130794
train,full,146432,LR,0.20940952202904062,0.07486058565071314,0.1345489363783275,0.9643462646571066,0.00960359372436847
train,full,146533,LR,0.1919763864864626,0.07331590130229453,0.11866048518416808,0.9626890004482708,0.008859552656337413
train,full,146634,LR,0.19845997528017612,0.07690526443137387,0.12155471084880227,0.9594118961206556,0.00987306615989064
train,full,146836,LR,0.1938345473829761,0.060892456891893446,0.13294209049108263,0.9628930380443685,0.009878819639012076
train,full,147030,LR,0.16842833679649255,0.05956567454127795,0.1088626622552146,0.9622983544993813,0.008201667383887126
train,full,147636,LR,0.19463012802509672,0.03795870108275375,0.15667142694234298,0.9625174339065312,0.01177202607383206
train,full,147737,LR,0.20292574686721007,0.0887932980875439,0.11413244877966612,0.9606381339454227,0.00899097886377361
train,full,148335,LR,0.17688876249350774,0.06989730472812278,0.10699145776538496,0.9603002296368354,0.008501896110862073
train,full,148436,LR,0.17436438048153582,0.04855507040290872,0.1258093100786271,0.964861514862387,0.008853499937459661
train,full,148840,LR,0.2003842539484435,0.054274687285215235,0.1461095666632283,0.9649331289001256,0.010270007429331525
train,full,148941,LR,0.15740644318884914,0.04040331455843641,0.11700312863041272,0.958324838836397,0.009759084736414845
train,full,149337,LR,0.17696865093835568,0.04771948782302229,0.1292491631153334,0.9582346603078087,0.010813604928750681
train,full,149539,LR,0.14005911345093067,0.03141187819317637,0.1086472352577543,0.9559999257580801,0.009572985535621602
train,full,149741,LR,0.14918679438935392,0.0349803676900156,0.11420642669933834,0.9600684146279774,0.00913089930724492
train,full,149842,LR,0.17019848075077704,0.04237668608936748,0.12782179466140958,0.9620465405887265,0.009705880595557163
train,full,150524,LR,0.17572760345101535,0.04482929285220395,0.1308983105988114,0.9583538351827371,0.010911800682114493
train,full,150625,LR,0.16721733870000444,0.055482559553394505,0.11173477914660992,0.9590762180629585,0.009147564851732933
train,full,150928,LR,0.14041296382644142,0.030458646072969674,0.10995431775347174,0.9562532325733525,0.00962902633683651
train,full,151021,LR,0.1773120912494183,0.036275732391107075,0.1410363588583112,0.9657098807718292,0.009680020842253837
train,full,151223,LR,0.19005114397991008,0.04351337953658378,0.14653776444332628,0.9689142653123185,0.009123067548262614
train,full,151324,LR,0.18573532140457621,0.031087682799138816,0.1546476386054374,0.9623251441293903,0.011677800950244508
train,full,151425,LR,0.13994246512561168,0.04225851971342021,0.09768394541219146,0.9602859589452972,0.007770028818718332
train,full,151526,LR,0.21621100124154013,0.05938247849631457,0.15682852274522555,0.9705432287800863,0.009253768369498375
train,full,151627,LR,0.14635761412044046,0.051323541791785755,0.09503407232865473,0.9554764900243828,0.008464215647276304
train,full,151728,LR,0.16946857687136352,0.05138623890485191,0.11808233796651163,0.958064919173193,0.009914127951202426
train,full,151829,LR,0.17414484684297799,0.05084531179713645,0.12329953504584155,0.9600594306148401,0.009866682895518243
train,full,151930,LR,0.18083881755575282,0.05757248943050258,0.12326632812525025,0.9600578418584255,0.009862891400833134
train,full,152427,LR,0.18438391559022915,0.04418638414735313,0.140197531442876,0.9647262763534769,0.009902364777564118
train,full,152831,LR,0.19868708866146664,0.055271143647879516,0.14341594501358715,0.967935226069758,0.00919345327952474
train,full,153025,LR,0.1820937267109653,0.05323970567701371,0.1288540210339516,0.9570728375994809,0.01108300364669716
train,full,153227,LR,0.16170199334140212,0.029231954420975845,0.1324700389204263,0.9653443890558278,0.009199914650204694
train,full,153631,LR,0.17763535751043855,0.055313368883472276,0.12232198862696628,0.9627869269906542,0.009110423518705947
train,full,153732,LR,0.15737658772314492,0.03822733005640175,0.11914925766674316,0.9580631677407939,0.010011711146035598
train,full,153833,LR,0.21503852187371933,0.0910194586280665,0.12401906324565283,0.9582062690831236,0.010347766114364639
train,full,153934,LR,0.1569752095752984,0.03981488565446501,0.11716032392083342,0.9609118527461606,0.009149638450608889
train,full,154229,LR,0.15902346513064103,0.03203291857807187,0.12699054655256914,0.9618561863083915,0.009691595474149134
train,full,154431,LR,0.17010631708230672,0.04491375891581509,0.1251925581664916,0.9635722666875353,0.009132699892504662
train,full,154532,LR,0.18729251158673485,0.04589824083478773,0.1413942707519471,0.9631198519500389,0.010442509755507255
train,full,154936,LR,0.17630329847560736,0.033824775781604796,0.1424785226940026,0.9635214103194236,0.010408502030528177
train,full,155231,LR,0.16394251295768983,0.03795665116891845,0.1259858617887714,0.9597649652358481,0.010145908358316764
train,full,155938,LR,0.3252348174403245,0.15605043305591842,0.16918438438440606,0.9689524802904682,0.010509036621521304
train,full,156031,LR,0.15861976161945715,0.02695224400147824,0.13166751761797893,0.9629624564680472,0.009725138231508366
train,full,156233,LR,0.16914299805286676,0.037236462650891144,0.1319065354019756,0.9639516522975049,0.009519346811981974
train,full,156334,LR,0.15793180124184647,0.06337134548212466,0.0945604557597218,0.9582018307893307,0.007908965940917246
train,full,156536,LR,0.2107728318723211,0.0820491087809725,0.1287237230913486,0.9649403099415378,0.009043052354215693
train,full,157336,LR,0.1720575871623135,0.03431381652186066,0.13774377064045285,0.9653294873803508,0.009564793476251287
train,full,157942,LR,0.19843549423807028,0.06733181361423128,0.13110368062383895,0.963415357993945,0.009604507897349257
train,full,158035,LR,0.16524427130905814,0.037948938564058204,0.12729533274499993,0.9626124651157125,0.0095321129531986
train,full,158136,LR,0.16015039912930887,0.029348588592839082,0.1308018105364698,0.9600591091435758,0.010463404315837479
train,full,158338,LR,0.17307943935279266,0.036142951620348016,0.13693648773244463,0.9620656340587758,0.01040005497554878
train,full,158540,LR,0.18836570538418546,0.04875579801805358,0.13960990736613185,0.9629837220857052,0.010323180254550951
train,full,158843,LR,0.169747300251095,0.03954444516673933,0.1302028550843556,0.9602866854085387,0.010355474847885866
train,full,159340,LR,0.2174742982127082,0.06798255170715642,0.1494917465055518,0.9615877667628392,0.011483213573654404
train,full,159441,LR,0.1747129142995165,0.05224027197855273,0.12247264232096378,0.9645466295652085,0.00869405444946233
train,full,160123,LR,0.20780698301631945,0.09235655539981873,0.11545042761650073,0.961925860213325,0.008793184469335469
train,full,160729,LR,0.16537468348851647,0.039020396067855075,0.1263542874206614,0.9621151882519978,0.009588718642678308
train,full,161327,LR,0.21481030155476807,0.054171898851610514,0.16063840270315757,0.972509699589786,0.008833108524001659
train,full,161731,LR,0.1959562361296897,0.05227328335738607,0.14368295277230367,0.9703652242171269,0.00853174169522701
train,full,161832,LR,0.22180431244804127,0.10132818710089472,0.12047612534714658,0.9591600072078472,0.009834053528091495
train,full,162026,LR,0.158342652059383,0.03569442071852392,0.12264823134085907,0.9616956653138096,0.009401740454219286
train,full,162733,LR,0.14976938508742083,0.043648271717243635,0.1061211133701772,0.9596557884115966,0.008569752635853242
train,full,162935,LR,0.17648045340316737,0.038347232243406734,0.13813322115976062,0.9649757810339438,0.009691206382498877
train,full,163129,LR,0.16969214508124172,0.06416224772470791,0.10552989735653381,0.9621239558145884,0.007986550137276137
train,full,163331,LR,0.2046615159433936,0.08715378652018457,0.11750772942320904,0.9628063212486675,0.008739441850052652
train,full,163432,LR,0.15044866475996022,0.04053567066038794,0.10991299409957227,0.9616673872129836,0.008434482052377243
train,full,163836,LR,0.16209056754593495,0.044060567457835056,0.11803000008809988,0.9628656068023586,0.008778817844925854
train,full,164030,LR,0.19532054036053667,0.037535536938680156,0.15778500342185653,0.9693183699322038,0.009688752323106306
train,full,164131,LR,0.16490837251947546,0.02928200605798997,0.13562636646148546,0.9658510310784059,0.009274325812949914
train,full,164636,LR,0.14699886110572613,0.02714482687934656,0.11985403422637958,0.9609537676302359,0.009362561684734629
train,full,165032,LR,0.18404084068717153,0.07582173739942638,0.10821910328774516,0.95987765290398,0.00869444192306419
train,full,165840,LR,0.2412675559381331,0.11038573839170324,0.13088181754642986,0.9635591442976345,0.009544214822481653
train,full,167036,LR,0.19236223301006428,0.050476549861461155,0.14188568314860314,0.9641564817716758,0.010184470440862976
train,full,167238,LR,0.20983056139714057,0.06367629933058563,0.1461542620665549,0.9643192060330176,0.010418872470564442
train,full,167440,LR,0.19044680902150132,0.0722390013326502,0.11820780768885114,0.964121386993414,0.008492048873598113
train,full,168240,LR,0.17938807455398936,0.05482844160353884,0.12455963295045054,0.9599315335255502,0.009982324332079517
train,full,168341,LR,0.2097035898529815,0.047435195612673155,0.16226839424030834,0.9667833315830493,0.010807099655686558
train,full,168745,LR,0.17725243585996286,0.032053546420540424,0.1451988894394224,0.9626532224009291,0.010809377393387422
train,full,168947,LR,0.1597810289147701,0.040033678232811135,0.119747350681959,0.9590008351439562,0.009827220595396391
train,full,169040,LR,0.16589584781894473,0.05212211989638042,0.11377372792256431,0.9564214081430321,0.009920156921732393
train,full,169444,LR,0.13914374650195038,0.03265577205749456,0.10648797444445583,0.9590733610684645,0.008723897663220806
train,full,169545,LR,0.18678698709953684,0.04878311062076815,0.1380038764787687,0.9571140913907449,0.01185644683310844
train,full,170631,LR,0.31620893731961974,0.1914502836848703,0.12475865363474943,0.9599193038580555,0.009985888686326586
train,full,171330,LR,0.16266792802551672,0.03601240614729755,0.12665552187821916,0.9645841550234253,0.008988022367456236
train,full,171431,LR,0.1445008550916532,0.03165207028033159,0.11284878481132159,0.959073331758235,0.009249148609658319
train,full,171532,LR,0.14566775960111253,0.04235996318225773,0.10330779641885478,0.95891134146102,0.008493720714672456
train,full,172029,LR,0.16955598656502904,0.058559386491073395,0.11099660007395562,0.9597597200961131,0.008942075778524097
train,full,172433,LR,0.17221554342474094,0.03785702126186863,0.1343585221628723,0.9677298128435865,0.008689443369584467
train,full,172534,LR,0.17464383502362685,0.06542567728615098,0.10921815773747588,0.9582552824511641,0.009124565547781849
train,full,172635,LR,0.1719244433609717,0.056827490703167644,0.11509695265780405,0.9599292478762617,0.009234128076543686
train,full,172938,LR,0.15725486550002846,0.03948902458299685,0.1177658409170316,0.9623672174311917,0.008865851896727442
train,full,173536,LR,0.1819710752404046,0.054809991330994665,0.12716108390940994,0.9615914723169517,0.009786038210122387
train,full,173637,LR,0.1730982573848568,0.026457129281156136,0.14664112810370064,0.9623489107287885,0.011064733449981263
train,full,173738,LR,0.3058948890250602,0.17174560100482783,0.13414928802023232,0.9605791269994104,0.010573496669707388
train,full,173839,LR,0.16941609296054327,0.038522369462830865,0.13089372349771242,0.9645320906489894,0.00928702497435414
train,full,173940,LR,0.17231101533540027,0.04447853448449625,0.12783248085090398,0.9612101541392265,0.009931838452729009
train,full,174437,LR,0.1709609599241923,0.06570418729779225,0.10525677262640003,0.9572852009764854,0.008996620493817624
train,full,174841,LR,0.1550059101403407,0.04257277646472304,0.11243313367561765,0.9565375778784142,0.009777031606919251
train,full,175035,LR,0.18015823986508214,0.059370348048071536,0.1207878918170106,0.960896724872937,0.00945198754851724
train,full,175338,LR,0.17993849546122093,0.04314430487579109,0.13679419058542985,0.960819988059501,0.010737890492672616
train,full,175439,LR,0.1603458623318845,0.042118533098219516,0.11822732923366498,0.964451665008904,0.008405710400338924
train,full,175742,LR,0.1663662564515336,0.058008803406382356,0.10835745304515125,0.9560262127812731,0.009538394288726772
train,full,176239,LR,0.17560946509641548,0.0447879198267455,0.13082154526966996,0.9641382783008197,0.009389957360019656
train,full,176441,LR,0.18946465787041117,0.045463538317952426,0.14400111955245876,0.9658053610394441,0.00986585552413275
train,full,176542,LR,0.15115962786814222,0.03570772345618086,0.11545190441196133,0.9651812215662946,0.008054250131928679
train,full,176744,LR,0.1330201025949433,0.029751260282909902,0.1032688423120334,0.9539734765355794,0.009510462494627031
train,full,177241,LR,0.24872493776292945,0.10944573335148071,0.13927920441144873,0.9659336798020965,0.009503750929556484
train,full,177645,LR,0.1818069416394078,0.06253955879055668,0.1192673828488511,0.9590661158197763,0.009775464569944619
train,full,177746,LR,0.15792931383631426,0.03609935032009353,0.12182996351622075,0.962923495914346,0.009045352977300773
train,full,178647,LR,0.15618334548605908,0.045530382325690295,0.11065296316036881,0.9617332585207518,0.008478786932245833
train,full,178748,LR,0.17847834141101485,0.03348240747356549,0.14499593393744933,0.9614247376046267,0.011195825173178495
train,full,178849,LR,0.21349429238698184,0.07470999026540892,0.1387843021215729,0.9638907016519422,0.010023147068068025
train,full,178950,LR,0.16175373538011345,0.04328419769414375,0.11846953768596968,0.9618987618835713,0.009038742950316333
train,full,179245,LR,0.1759927285569715,0.03996727415646551,0.136025454400506,0.9659518713559611,0.009280649905287288
train,full,179346,LR,0.21389594860890038,0.04478812499641984,0.16910782361248056,0.9671442117181833,0.011141773597936132
train,full,179952,LR,0.18033179618814624,0.043022787003072965,0.13730900918507327,0.968303206807832,0.008719053088871892
train,full,180533,LR,0.1312247327371349,0.03150094411499635,0.09972378862213854,0.9573652565814824,0.008511757657867262
train,full,180735,LR,0.21680531538917375,0.040673833565033284,0.17613148182414043,0.9705113243461257,0.010404959146709636
train,full,180937,LR,0.16807858792690247,0.027703033889585907,0.14037555403731658,0.9667653293244667,0.009348120464188949
train,full,181636,LR,0.17906742624623861,0.057912828553558386,0.12115459769268021,0.9625764949674356,0.009082004938384423
train,full,182032,LR,0.21196535904036057,0.04889918814873427,0.1630661708916263,0.9719692080497705,0.009160813660606767
train,full,182436,LR,0.21099395951005193,0.08112224582464304,0.12987171368540892,0.9669379674086175,0.008594628858956146
train,full,183034,LR,0.15069683201479891,0.030389447282219564,0.12030738473257932,0.9637970194784795,0.008727421878743256
train,full,183337,LR,0.18988321351243193,0.048364684482226236,0.1415185290302057,0.9679417945152714,0.009082060420938917
train,full,183741,LR,0.14277541245707112,0.03601927027094181,0.10675614218612933,0.9576953330311383,0.0090468982354657
train,full,185139,LR,0.1899101067278885,0.0395063687284425,0.15040373799944595,0.9655918422703829,0.01037282744090022
train,full,185442,LR,0.17713468050903675,0.03423033589195465,0.14290434461708207,0.9642104958117984,0.01024940709925384
train,full,185947,LR,0.14953106409918615,0.04026217472102749,0.10926888937815862,0.9597651050693516,0.008801653511766237
train,full,186141,LR,0.1742423906938546,0.03973204796992133,0.13451034272393328,0.9647155526871545,0.009503223393823354
train,full,186444,LR,0.19710461071707328,0.04070401286812297,0.15640059784895027,0.9703340098399118,0.009292727945663548
train,full,187345,LR,0.1956815832423219,0.0724714132370474,0.1232101700052745,0.965670826652234,0.008449253664112229
train,full,187547,LR,0.14604173092312397,0.03610651401222462,0.10993521691089934,0.9605766286862026,0.008681624207908677
train,full,187850,LR,0.16581826389843182,0.0306422156036217,0.1351760482948101,0.9635158782160692,0.009878771050496817
train,full,188347,LR,0.16257733699301555,0.037307362828313734,0.12526997416470181,0.9654968883106527,0.008656699402128976
train,full,188549,LR,0.15941954516460738,0.04064206479916092,0.11877748036544644,0.9618053606446195,0.009085333539874622
train,full,188751,LR,0.24457355580472634,0.12315173487869688,0.12142182092602942,0.9557244449052187,0.010749050069733273
train,full,189349,LR,0.2052700512077936,0.07689191031717604,0.12837814089061755,0.9607454982050299,0.01005988787452878
train,full,189450,LR,0.16943813380175574,0.034727369594785173,0.13471076420697056,0.9641805756906854,0.009664899786190657
train,full,189652,LR,0.17901997713457957,0.07014971608015853,0.10887026105442107,0.9563018919636416,0.009520459886371107
train,full,190031,LR,0.23621822078972463,0.09990401743367319,0.13631420335605138,0.967134320500684,0.008967246568631088
train,full,191033,LR,0.19514538231101022,0.025473448326422708,0.16967193398458752,0.9719884239893949,0.009523130954234578
train,full,191235,LR,0.16175883651730372,0.03863147529281521,0.12312736122448856,0.9628777424830995,0.009150797853777
train,full,191336,LR,0.2026271131522362,0.059198086927758325,0.14342902622447787,0.9658740364374322,0.009796537480188078
train,full,191841,LR,0.15109396001858078,0.02782836569972159,0.12326559431885917,0.9586485442983192,0.010212863188293465
train,full,191942,LR,0.1732799620634561,0.04320912884548148,0.13007083321797464,0.964114103642015,0.009340278497545942
train,full,192035,LR,0.19433540404262659,0.08132157678182632,0.11301382726080027,0.9599775518293191,0.00905382265595931
train,full,192237,LR,0.16245981025279502,0.053171216402150896,0.10928859385064411,0.9591736028049314,0.008930388605479497
train,full,192439,LR,0.15607057252068895,0.034584142188676815,0.12148643033201212,0.9561576127759918,0.010669068715640358
train,full,192540,LR,0.2325472098907651,0.11513910255152181,0.11740810733924333,0.9579505763687158,0.009877181208097873
train,full,192641,LR,0.1770550958801904,0.04848828480973761,0.12856681107045279,0.9611890603107671,0.00998581291986178
train,full,193239,LR,0.16107244986946392,0.0378923972735593,0.1231800525959046,0.959233214895731,0.010060348564632003
train,full,193441,LR,0.234221928958687,0.08409696604871644,0.15012496290997052,0.96469778356497,0.01059703587172075
train,full,194140,LR,0.1375268200223203,0.029535368640704853,0.10799145138161542,0.9601707619284091,0.008614299001487849
train,full,194645,LR,0.1704224638075926,0.03638974995761156,0.13403271384998106,0.9614524374387755,0.010342541568689969
train,full,194746,LR,0.1887269968134624,0.047910196285037565,0.1408168005284248,0.9640520014316919,0.010134907135256475
train,full,194847,LR,0.1596026794108752,0.03290198349373592,0.12670069591713923,0.9589614939530238,0.010417843546243978
train,full,195041,LR,0.18153258242744413,0.07086108447054607,0.11067149795689807,0.9591296261033917,0.009055787011016826
train,full,195445,LR,0.18721018561500627,0.06410781674069316,0.12310236887431313,0.9571304899706351,0.010560736294584113
train,full,195647,LR,0.1623172085176006,0.04366443889572616,0.11865276962187442,0.9621630515767294,0.008988435677145613
train,full,196851,LR,0.26522780818539704,0.13395720391758165,0.13127060426781537,0.9603372457418781,0.010389950425869593
train,full,196952,LR,0.17047328998306358,0.05963749970203748,0.1108357902810261,0.9600143697328067,0.008868278112181598
train,full,197348,LR,0.15536791219604787,0.04881107172715146,0.10655684046889637,0.9602533684428272,0.008478138563714033
train,full,197550,LR,0.18415019755689163,0.06996045608651047,0.11418974147038115,0.9593232005629474,0.009292651127380166
train,full,198047,LR,0.2336629201085079,0.12682792074739574,0.10683499936111218,0.9605965655336883,0.008401442116236302
train,full,198249,LR,0.1975709840285001,0.06826649745446105,0.12930448657403906,0.9648147179100078,0.00910720888479507
train,full,198350,LR,0.3383138401325693,0.19158211463571923,0.14673172549685007,0.9671538117446354,0.009649152695613243
train,full,198451,LR,0.16939854704900673,0.05133223894865724,0.11806630810034947,0.9596223586135925,0.009541166975487077
train,full,198653,LR,0.14595475488193793,0.041347659400941254,0.10460709548099666,0.9558325568508664,0.009247585975564137
train,full,198855,LR,0.16021446253824795,0.029844050815609462,0.13037041172263852,0.9620719824784829,0.009909200988161077
train,full,199150,LR,0.22404634075838348,0.055758565686687175,0.1682877750716963,0.9576843347239805,0.014271404612744927
train,full,199251,LR,0.13764826556022428,0.031310990709990626,0.10633727485023364,0.9610832355198616,0.008289347128642766
train,full,199352,LR,0.1477821174250535,0.043986561816660434,0.10379555560839306,0.9570563342357813,0.008923435310429493
train,full,199453,LR,0.25162382652904847,0.12342617174263905,0.12819765478640943,0.9614266578756984,0.00988715135736056
train,full,199655,LR,0.16643505562779043,0.04124771714020477,0.12518733848758568,0.96547045500537,0.00865947509424516
train,full,199958,LR,0.26173113141296833,0.11177040766427868,0.1499607237486897,0.9583674126807987,0.012502710630048068
train,full,200008,LR,0.14101503833530238,0.028947073824781153,0.1120679645105212,0.9597416997420901,0.009027915102258048
train,full,200109,LR,0.11969354217643577,0.02649966349598734,0.09319387868044843,0.9527527926533945,0.008815471224898517
train,full,200311,LR,0.15037152579290766,0.04802240197888096,0.10234912381402671,0.9573438016586866,0.008744071085926322
train,full,200614,LR,0.18319404043542434,0.07586935655683329,0.10732468387859109,0.962690204320493,0.008006211336765398
train,full,200917,LR,0.14923693449357578,0.042733680476380154,0.10650325401719561,0.9596285932573698,0.00861085324131448
train,full,201111,LR,0.19440298602869072,0.0322096499560183,0.16219333607267242,0.9686668420678485,0.01018221011059835
train,full,201414,LR,0.17100774003842936,0.047902237689050935,0.12310550234937842,0.9630505849259198,0.00910819588027197
train,full,201515,LR,0.1949454588619298,0.07518092204166475,0.11976453682026501,0.9569720242714532,0.010311816681115237
train,full,202113,LR,0.17384316059223973,0.03661116854882675,0.13723199204341302,0.9636789612419902,0.009985303573989763
train,full,203923,LR,0.21877043504148833,0.10909108049527402,0.10967935454621432,0.9610736190138222,0.008497054926169844
train,full,204218,LR,0.16720923186683362,0.05215580492506323,0.11505342694177034,0.9596968056629497,0.009277746421062848
train,full,205119,LR,0.1770428524059684,0.05102060167616237,0.12602225072980605,0.9653614759807878,0.008741701835764447
train,full,205725,LR,0.14893586621816265,0.04671771121446023,0.10221815500370242,0.9620724341277356,0.0077604417904959195
train,full,205826,LR,0.18666053993281917,0.0598581814818968,0.12680235845092236,0.9621524073389374,0.00960904620994776
train,full,206323,LR,0.18475681961887191,0.06818135497082926,0.11657546464804264,0.962623464391028,0.008722832453445444
train,full,206828,LR,0.20508508861815125,0.08493951725181072,0.1201455713663405,0.9567946384880679,0.010391190812425857
train,full,207123,LR,0.2131266028212101,0.09291265212874544,0.12021395069246464,0.9623077220624243,0.009053021875477895
train,full,208024,LR,0.15097412476696742,0.02305524774829047,0.12791887701867694,0.960093635398826,0.010226792106324023
train,full,208428,LR,0.1859177970055236,0.05358083444470061,0.13233696256082303,0.9589193151526798,0.010893772877165454
train,full,209127,LR,0.15248770273076337,0.0381550631083238,0.11433263962243954,0.9611494174119384,0.008889718507305378
train,full,209228,LR,0.16603063038881044,0.030331944353977333,0.1356986860348331,0.9611446189338883,0.010559028687693676
train,full,209329,LR,0.17116573734132515,0.047553165373650265,0.12361257196767488,0.9645892615287297,0.00876306361971924
train,full,209834,LR,0.15933716656596733,0.04325644480199466,0.11608072176397269,0.9587021459312934,0.009594361939513685
train,full,209935,LR,0.19420628746734475,0.06215384341271387,0.1320524440546309,0.9623977089352209,0.009943127308257353
train,full,210011,LR,0.16331004792522555,0.03842543759463508,0.12488461033059045,0.9596690219651762,0.010087091018260032
train,full,210112,LR,0.17719969613934997,0.0597738093692084,0.11742588677014157,0.959110253208521,0.009612874080685877
train,full,210415,LR,0.23909576740301058,0.09832648374860092,0.14076928365440966,0.968372647128082,0.008920096706072099
train,full,211114,LR,0.18081046221999195,0.050674956388346494,0.13013550583164546,0.9606412803129433,0.010261335137086222
train,full,211316,LR,0.21230761308163854,0.08490801105699709,0.1273996020246414,0.9610079323335184,0.009943143185522637
train,full,211922,LR,0.18194441781664117,0.05128198622058981,0.13066243159605134,0.9609142204076515,0.010221830034533147
train,full,212217,LR,0.15604149281647847,0.052465375603819996,0.10357611721265847,0.957536494562806,0.008805261614808995
train,full,212318,LR,0.14747843740397176,0.039500838096150924,0.10797759930782086,0.9587950989811811,0.008905830762328735
train,full,212419,LR,0.156264315649766,0.020981016315871848,0.13528329933389413,0.9657080234407114,0.009282067854286704
train,full,213522,LR,0.1670839920126171,0.046659214415699334,0.12042477759691776,0.9602955642554062,0.009579207644637438
train,full,214221,LR,0.1635950906159522,0.037230326531711766,0.12636476408424044,0.9626292878219086,0.009449193472670366
train,full,214423,LR,0.25291603309985045,0.1342943588614061,0.11862167423844443,0.9628566016765167,0.008826983565976632
train,full,214625,LR,0.15985742605541026,0.05111537687217832,0.10874204918323196,0.9570109417079321,0.009360805505459821
train,full,214726,LR,0.18681389771245252,0.035096147930350305,0.15171774978210223,0.9679671913458617,0.009730468472154575
train,full,217429,LR,0.17358477786871124,0.05734151018210535,0.1162432676866059,0.960704230653191,0.009136124714202064
train,full,219231,LR,0.15569988708186516,0.04537649932777461,0.11032338775409056,0.959092803934225,0.00903846052933204
train,full,220721,LR,0.1640137168495834,0.029380425088353635,0.13463329176122976,0.9606267075176708,0.010610733786376626
train,full,221319,LR,0.17151833723436388,0.060629972991705444,0.11088836424265844,0.959475671447861,0.008994929800776258
train,full,223929,LR,0.26219749220042,0.15055788460087136,0.11163960759954861,0.9584012147346227,0.00926692033651624
train,full,227432,LR,0.20491721791686132,0.08388945360971106,0.12102776430715026,0.9628101505688879,0.009007099134057844
train,full,227533,LR,0.17564135418524457,0.06047355209890033,0.11516780208634424,0.9588222780349479,0.009493337484175279
train,full,228434,LR,0.26735011639372663,0.1158433308811758,0.1515067855125509,0.9721000662954978,0.008467396244870765
train,full,231928,LR,0.15201170274616932,0.03979857416555953,0.11221312858060982,0.9515603042355736,0.010888510943037848
train,full,233326,LR,0.22648477679234952,0.07584129731263183,0.1506434794797177,0.9707431034736449,0.00882655755205361
train,full,237334,LR,0.15411336478310322,0.038655354756506374,0.11545801002659686,0.9594456203416749,0.00937631804057252
train,full,238033,LR,0.1385226579938235,0.03604438471564914,0.10247827327817434,0.9602939180916031,0.008149629742528731
train,full,239944,LR,0.17181486310554567,0.0625345489170512,0.10928031418849443,0.9587761226969511,0.009012157686744487
train,full,245333,LR,0.17085513657181678,0.06066579289157098,0.1101893436802458,0.9597688039551903,0.008868886026365009
train,full,248339,LR,0.17209230039222806,0.02802749948842631,0.14406480090380175,0.9622492998343312,0.010894774095455199
train,full,249947,LR,0.16207127797154222,0.0393833808488991,0.12268789712264311,0.9617835813767878,0.009394469061669082
train,full,250427,LR,0.165472467283807,0.06068447080537162,0.10478799647843538,0.9606298736814811,0.008265657231001648
train,full,251833,LR,0.17292912550350958,0.03494587988435439,0.1379832456191552,0.9635163798317624,0.01008238778748217
train,full,255740,LR,0.1961574218696932,0.08689762181978342,0.10925980004990984,0.9603144255046592,0.00867238961144991
train,full,256540,LR,0.18216869432363184,0.05795195440022425,0.12421673992340761,0.9636201500634709,0.009044287137883534
train,full,257542,LR,0.17672748871108931,0.06368206283342029,0.11304542587766901,0.9604506615603862,0.008951282253223159
train,full,257845,LR,0.22415794325242727,0.09285882297239348,0.1312991202800338,0.9613605518254577,0.010157098476115286
train,full,263436,LR,0.16051454069616447,0.051285763490483506,0.10922877720568097,0.9593525392265233,0.008886642186910924
train,full,268749,LR,0.17123837654540833,0.0505607639287995,0.12067761261660882,0.9606366905228189,0.00951367260473749
train,full,268850,LR,0.22100055420172945,0.04900123607741741,0.17199931812431205,0.9726022480617401,0.009437578206657393
train,full,270332,LR,0.21276505271543605,0.051334935626252624,0.16143011708918342,0.9653153093895871,0.011213041773941525
train,full,274542,LR,0.14986451504490989,0.0297759307062271,0.1200885843386828,0.9592710275208112,0.009800404132440842
train,full,275645,LR,0.249530587123683,0.08235345059604592,0.1671771365276371,0.9747087637924815,0.008474424135435556
train,full,280941,LR,0.19309570371963256,0.0537712419421917,0.13932446177744084,0.9653595695016021,0.009652550219248586
train,full,281135,LR,0.1898162503159007,0.06945104530828757,0.12036520500761314,0.9613295426330118,0.009309844806086456
train,full,283543,LR,0.15254534363987865,0.04090868136079093,0.11163666227908775,0.9586951047598038,0.009233934508081134
train,full,284646,LR,0.15520085704942146,0.034301482857332984,0.12089937419208846,0.9581535020919314,0.010108228083166035
train,full,285446,LR,0.17037165165437498,0.05562418031164814,0.11474747134272682,0.9626865740083246,0.008569602095046277
train,full,286347,LR,0.17138357227724146,0.03825974960799578,0.13312382266924572,0.9606603454866933,0.010474410688623715
train,full,289555,LR,0.19230435633641382,0.03453378793535113,0.1577705684010627,0.9629288768087666,0.011717126482446072
train,full,290136,LR,0.15870952500948035,0.051589710732753334,0.10711981427672701,0.9589148904938102,0.008814604439291869
train,full,295146,LR,0.1914722881510602,0.08020306722972835,0.1112692209213319,0.9594361769492735,0.00902808395444384
train,full,297655,LR,0.2036159217009736,0.08855328001987346,0.1150626416811001,0.9610666671909224,0.00896620165511202
train,full,298051,LR,0.1871561710477207,0.04707373495258987,0.1400824360951308,0.9665080823342487,0.009391834172390826
train,full,298455,LR,0.18793509288131693,0.06441066286961265,0.12352443001170428,0.9646371879557223,0.008740783539163296
train,full,299154,LR,0.20042094388154671,0.03277853627997006,0.16764240760157664,0.9708301152696672,0.009796345834523271
train,full,299760,LR,0.13884765514372135,0.03615583108232724,0.10269182406139411,0.9562972262178541,0.008982625448734762
train,full,300719,LR,0.14925656142984495,0.03770281971950541,0.11155374171033955,0.961290495136976,0.008648068383908665
train,full,304020,LR,0.20103547553960008,0.06528047411271663,0.13575500142688346,0.9624075974528012,0.010226897911676077
train,full,305830,LR,0.22727403882912492,0.10642695997618566,0.12084707885293924,0.9542331022588304,0.01105482802861076
train,full,308129,LR,0.20758526023556975,0.033423043428171074,0.17416221680739868,0.965745428447602,0.011959291833703907
train,full,309636,LR,0.1467049067470464,0.036045398381805455,0.11065950836524095,0.9576171073982582,0.009391762900110958
train,full,310621,LR,0.1534271896915568,0.03713357070162637,0.11629361898993047,0.9594452179714635,0.009439776009769998
train,full,311320,LR,0.14764585351047407,0.047936707282026765,0.09970914622844734,0.9588599678479091,0.008204874611048595
train,full,314225,LR,0.25434775227639644,0.0626563872197528,0.19169136505664366,0.9710142746532121,0.011133947301155068
train,full,316835,LR,0.15670429325228027,0.04934924605525723,0.10735504719702306,0.9595111940754187,0.008700998852013716
train,full,317332,LR,0.2009062665789498,0.04290183480282601,0.1580044317761238,0.9696685297623998,0.009603497053206535
train,full,318637,LR,0.24523452732732773,0.09377740601732834,0.15145712130999942,0.970000424710056,0.009096860308839348
train,full,321323,LR,0.14496264148701732,0.02941526594895574,0.11554737553806156,0.9620399329102102,0.008784194914912554
train,full,325129,LR,0.21349006300777243,0.1116738132349305,0.10181624977284193,0.9607744260164688,0.007990691508847287
train,full,329440,LR,0.16606438992532166,0.036666201241198584,0.12939818868412306,0.9643619236971528,0.00922174448430278
train,full,329844,LR,0.16616394101977403,0.03719440673259089,0.1289695342871831,0.9657598884669928,0.008849785972378715
train,full,334635,LR,0.18952540984154745,0.09452358905649366,0.09500182078505377,0.9560341181150241,0.008334057552475937
train,full,336841,LR,0.17402522983688276,0.04241851425340489,0.13160671558347786,0.9608211334552,0.01033104266870838
train,full,341834,LR,0.1564843101045229,0.04159556433789595,0.11488874576662694,0.9634253638139599,0.008405134969305002
train,full,342129,LR,0.28608506446161647,0.1418086208514178,0.14427644361019867,0.9672622703831212,0.00944185326839295
train,full,346945,LR,0.17885714544326162,0.058768596922932584,0.120088548520329,0.9601342009904538,0.009585434860908681
train,full,348545,LR,0.16609144744128349,0.05819991421365981,0.1078915332276237,0.9546861534932214,0.009766178160746146
train,full,349244,LR,0.16256778855523724,0.032761587151882196,0.12980620140335505,0.9626105852001463,0.009729118933714746
train,full,350330,LR,0.1655346500975799,0.04101419665317805,0.12452045344440182,0.961405718959193,0.009602430024794332
train,full,353740,LR,0.15940688501963718,0.024214164233234137,0.13519272078640307,0.9639382860424396,0.00973364763845963
train,full,355239,LR,0.13721110267199174,0.03542063800488347,0.10179046466710828,0.9571661518233164,0.008730365641833942
train,full,358144,LR,0.186957345133891,0.043226119127495244,0.14373122600639573,0.9659820846389671,0.009784231533376276
train,full,360030,LR,0.15121427914301122,0.03879915284040103,0.1124151263026102,0.9607513055922606,0.008839906600689748
train,full,365343,LR,0.12298548491606948,0.026143864780060817,0.09684162013600868,0.9569278928393161,0.008353752644181145
train,full,366042,LR,0.15157050412285028,0.04334375919569409,0.1082267449271562,0.9618611496848839,0.008263085059325728
train,full,366446,LR,0.25201548001056057,0.0517275530258965,0.2002879269846641,0.9739278354245292,0.010452448359046048
train,full,368551,LR,0.184314806167374,0.06286378313851682,0.1214510230288572,0.9625102596052004,0.009112874948123273
train,full,368753,LR,0.14500762887318416,0.03541205371087643,0.10959557516230772,0.9601781577652013,0.00873844778211975
train,full,377451,LR,0.22116452131905243,0.07792796161586352,0.14323655970318894,0.9664585630468254,0.009608545566925576
train,full,378756,LR,0.1645311176803037,0.052925152571770606,0.1116059651085331,0.9614189029057756,0.008603963972493248
train,full,378857,LR,0.17894726835639116,0.03920374461073965,0.1397435237456515,0.9661692257249493,0.009468758157500893
train,full,379657,LR,0.2132984958317333,0.050630349591266506,0.16266814624046683,0.968038121845407,0.010422614899294382
train,full,381543,LR,0.18371964702723556,0.05173371124017455,0.131985935787061,0.9701799802193319,0.007886327085004051
train,full,382242,LR,0.1491717263402298,0.04542196332421395,0.10374976301601585,0.9562959421367608,0.009067318439687092
train,full,385046,LR,0.19507752008910853,0.07881541655313896,0.11626210353596958,0.9578906133160014,0.009794693037922481
train,full,385450,LR,0.1899844880369514,0.04401497527749451,0.14596951275945688,0.9674051324101702,0.009524670822183454
train,full,386250,LR,0.1628714371603262,0.04520704214550388,0.11766439501482234,0.957412531522471,0.010029477410021225
train,full,389357,LR,0.1572151107290547,0.05033821323293244,0.10687689749612227,0.95874834228454,0.008821019940359966
train,full,390645,LR,0.1859509683941032,0.051795684356267746,0.13415528403783544,0.9670596941186554,0.008857489594648644
train,full,391748,LR,0.21164228092066995,0.09366282869505946,0.11797945222561051,0.9595132324363852,0.009553964296644303
train,full,392750,LR,0.18826996343141109,0.06793695729715493,0.12033300613425615,0.9591993433095674,0.009831017056190048
train,full,393550,LR,0.188613474609347,0.07193657662114047,0.1166768979882065,0.9623325706013799,0.008797551246068182
train,full,395251,LR,0.12691728656634085,0.035164219598447496,0.09175306696789336,0.9552357671956391,0.008228424631137888
train,full,395756,LR,0.15603253600551553,0.031677761908883224,0.1243547740966323,0.9652903683999131,0.008644783759792354
train,full,397154,LR,0.18451110532182258,0.0655700405722418,0.11894106474958079,0.9594948062959602,0.009643287310367022
train,full,397760,LR,0.14657976050880228,0.033797671309089956,0.11278208919971232,0.9636518621240516,0.00821404951277465
train,full,401422,LR,0.13371331861823788,0.031397002023096705,0.10231631659514118,0.9603361647233224,0.008129495295355926
train,full,406432,LR,0.16979778279566834,0.05288613422795041,0.11691164856771791,0.9553985241798247,0.01043640906522444
train,full,406836,LR,0.14811294900632857,0.04557497170811238,0.1025379772982162,0.9542936796035977,0.009374123489722629
train,full,412528,LR,0.14645619355363312,0.03918592397311955,0.10727026958051354,0.9587313249693417,0.008872248253965867
train,full,413934,LR,0.15753600246677296,0.031318559935177855,0.1262174425315951,0.9604609661692144,0.009959252231152758
train,full,419239,LR,0.1421133562386961,0.05279162008152574,0.08932173615717033,0.9578098973040395,0.007539553459833804
train,full,421226,LR,0.1686274684177395,0.052174532947689665,0.11645293547004984,0.9602452099109838,0.009264643283324442
train,full,424939,LR,0.18641771194763104,0.08657392000818383,0.09984379193944719,0.953928989963891,0.009203845053483144
train,full,432332,LR,0.18057571917642504,0.0460797195908796,0.13449599958554545,0.9621654851273721,0.010174740636114942
train,full,436239,LR,0.1765233712469887,0.06131117852012831,0.11521219272686037,0.9587046884178676,0.009525051219268546
train,full,436845,LR,0.1644865072593572,0.03396910309142477,0.13051740416793242,0.9628897311283119,0.009709093729051066
train,full,441939,LR,0.17953211264438856,0.0334492324968868,0.1460828801475018,0.9673090279412757,0.009560563255257474
train,full,445543,LR,0.20307028594927096,0.03646390475895163,0.16660638119031929,0.9655447152430009,0.011502232554359655
train,full,448347,LR,0.191594386474475,0.06295101591505214,0.12864337055942288,0.9674622963767673,0.008381529371305008
train,full,449753,LR,0.28300523818152584,0.1566054578913679,0.12639978029015791,0.9611610994060317,0.009812160863051336
train,full,453441,LR,0.22120988969427918,0.12835068831519167,0.09285920137908749,0.9572493414772073,0.007924400699877729
train,full,453542,LR,0.15491458882246414,0.05257145157831737,0.1023431372441468,0.9588466530896231,0.008431899632209024
train,full,454140,LR,0.15088980040881925,0.035954595320937636,0.11493520508788159,0.9622925706073836,0.008674309798188652
train,full,459453,LR,0.21445032227333843,0.09368609983582919,0.12076422243750923,0.9602847950213581,0.009591741771535772
train,full,461743,LR,0.18737179146303207,0.06935768078069537,0.11801411068233669,0.9589991095217977,0.009685092521307727
train,full,463040,LR,0.15123499259316783,0.031838274838809605,0.11939671775435823,0.962511475373237,0.008968138437850305
train,full,465852,LR,0.16921861025758686,0.06550872548702237,0.10370988477056449,0.9594527333090666,0.008420436798156955
train,full,467351,LR,0.18439899960048317,0.08139137991553477,0.10300761968494841,0.9629176755620714,0.007640973470351662
train,full,468050,LR,0.16826727626155016,0.05517221266266397,0.11309506359888619,0.962566058572525,0.008480644778529707
train,full,473952,LR,0.1973783387542702,0.05575356154328067,0.1416247772109895,0.9611083378029283,0.011036457635142868
train,full,475855,LR,0.17095626225577412,0.04869364409730409,0.12226261815847002,0.9639770389981355,0.008824629635299992
train,full,479762,LR,0.16344146195067383,0.04276824539727382,0.1206732165534,0.9584171204526742,0.010043374109472467
train,full,480141,LR,0.22773267538168393,0.10322866734520506,0.12450400803647886,0.959392598211741,0.010103504567936903
train,full,481951,LR,0.2131120621120955,0.06276786699908965,0.15034419511300584,0.9660604197271977,0.010219903259240002
train,full,486759,LR,0.1663397072154791,0.03182114774696323,0.1345185594685159,0.9659349101722681,0.009181662135404245
train,full,492754,LR,0.14436806127072063,0.04007542571847228,0.10429263555224834,0.9608056895148822,0.008188583188162835
train,full,495255,LR,0.36521784530039325,0.07259687368634167,0.2926209716140515,0.9835712317247125,0.009625924132220767
train,full,497865,LR,0.229477930872564,0.08518787124477178,0.14429005962779223,0.9599418687579011,0.011550178349071195
train,full,500222,LR,0.18053721232353406,0.0555325392001067,0.1250046731234274,0.9607720916901663,0.0098241335583696
train,full,510326,LR,0.14762200892501037,0.03631361443723162,0.11130839448777877,0.9569834060245228,0.009580737282611109
train,full,512835,LR,0.15231448192021532,0.0296035423193634,0.12271093960085191,0.9637090392715989,0.008922359269362915
train,full,513130,LR,0.1411091583236434,0.036452082086403,0.10465707623724041,0.9596492274286874,0.008455216010026939
train,full,513736,LR,0.15474129104741596,0.03989684557196102,0.11484444547545493,0.9621573797999085,0.008692230816720043
train,full,516742,LR,0.15346436608209493,0.036707381389778325,0.11675698469231659,0.9610544316170619,0.009094732089346514
train,full,518746,LR,0.17409270475403543,0.04365284449896323,0.1304398602550722,0.9629884547195278,0.009669331830927032
train,full,519647,LR,0.18767640049632248,0.0359048375433895,0.15177156295293293,0.9715063723937434,0.008652662878181547
train,full,520228,LR,0.18124933073051624,0.07286264463669019,0.10838668609382608,0.9576297227625398,0.009195010317080985
train,full,522434,LR,0.16081191232241385,0.03994476664054779,0.12086714568186607,0.9608448383728548,0.00948123022782053
train,full,523032,LR,0.1999313203842104,0.08739037974398699,0.11254094064022345,0.9555028206126722,0.010008241167327925
train,full,529549,LR,0.18417183452254027,0.04176932809576952,0.14240250642677074,0.9691812595582163,0.008790083571209749
train,full,529953,LR,0.23081630501791822,0.0800918559894842,0.15072444902843407,0.9686588683693985,0.009467122470791465
train,full,530635,LR,0.17195444454842962,0.06392282833776997,0.10803161621065964,0.9595937617313772,0.008738924455792
train,full,531536,LR,0.1890675941630912,0.03841543326327207,0.15065216089981914,0.9654105831509455,0.010436580523619761
train,full,536647,LR,0.1843840549518915,0.05576732125625462,0.1286167336956369,0.9602982300996218,0.01023174187545856
train,full,540436,LR,0.22308059900706825,0.107788773521081,0.11529182548598721,0.9609141180173374,0.008989220902169711
train,full,541640,LR,0.15307213430939312,0.03492391568010557,0.11814821862928757,0.9615560631899838,0.009094916122580817
train,full,541943,LR,0.18077882910048848,0.05123910551443453,0.12953972358605398,0.9623980028872366,0.00975482693449739
train,full,545345,LR,0.18845943737162665,0.05681307581550567,0.131646361556121,0.9582729622781093,0.010994387016451918
train,full,547046,LR,0.16946063933177394,0.040432215927552126,0.12902842340422183,0.9599465359077768,0.01033948526944927
train,full,548250,LR,0.1626575442991665,0.051755078419966835,0.11090246587919968,0.9558263267417897,0.009805619485692233
train,full,550439,LR,0.14421027330619637,0.03491703231668316,0.10929324098951324,0.9574737832653231,0.009305141415736982
train,full,552241,LR,0.20895975358770327,0.04671710056810175,0.16224265301960153,0.9649190188385123,0.011398530832308887
train,full,555348,LR,0.17210498302851107,0.0483870973784533,0.1237178856500578,0.9662172547945026,0.00837341591915531
train,full,555651,LR,0.18919285276300848,0.0707200876183009,0.1184727651447076,0.9582882820642667,0.009885824973377859
train,full,555954,LR,0.16334723649373634,0.03708178717390367,0.1262654493198327,0.9616168202458499,0.009710557719648709
train,full,558657,LR,0.1495212662126458,0.027044837464102748,0.12247642874854307,0.9646442950765588,0.008678665636567287
train,full,558960,LR,0.15520737111675167,0.036660870084614286,0.11854650103213737,0.959082398152365,0.009714632904817654
train,full,559053,LR,0.13541913603767303,0.032820572274231505,0.1025985637634415,0.9595405607674844,0.00830883916265854
train,full,561242,LR,0.16967162347586295,0.03890064501471735,0.1307709784611456,0.9619440590802029,0.009971194061297092
train,full,562345,LR,0.21803366067962435,0.10607865463608283,0.11195500604354151,0.9589378178827923,0.009203923150689557
train,full,562446,LR,0.1638006832115021,0.04530939803590538,0.11849128517559668,0.9562389797808413,0.010386459097723282
train,full,565452,LR,0.21484748316160818,0.09868645946300295,0.11616102369860523,0.9616659490312414,0.008911491695382268
train,full,566454,LR,0.1739812865278438,0.06144829824358495,0.11253298828425885,0.9594247629285412,0.009136916853911095
train,full,567052,LR,0.16189772529002106,0.037573056092138846,0.12432466919788221,0.9615171209104726,0.009580238679933755
train,full,567961,LR,0.1584256201384923,0.056556358322621535,0.10186926181587076,0.9583301815468508,0.00849791091794867
train,full,568963,LR,0.14561194969812435,0.033815579767007116,0.11179636993111722,0.9593328762117406,0.009108133787283645
train,full,570243,LR,0.1700955506760598,0.05619787296617501,0.11389767770988479,0.958328553872554,0.009498072666632265
train,full,571548,LR,0.16091831204596554,0.049492573669259105,0.11142573837670644,0.9611716405188026,0.008659612551230279
train,full,572045,LR,0.14690568449477281,0.041571114571117423,0.1053345699236554,0.9603781262918483,0.008355257898669123
train,full,573249,LR,0.1616676506091616,0.04556490493199885,0.1161027456771628,0.9610678482601582,0.00905007596482224
train,full,573451,LR,0.22030130911607906,0.08507812766257311,0.13522318145350595,0.9668627562081525,0.008966350916077215
train,full,576255,LR,0.14688208425291768,0.042391392471571074,0.10449069178134661,0.9596009363903829,0.008449504675837523
train,full,578158,LR,0.19894743049038222,0.06048981647649943,0.13845761401388282,0.9651908189377694,0.009644567084492114
train,full,579665,LR,0.1894503851257758,0.07768430770801799,0.1117660774177578,0.9608955176218662,0.008732443113864785
train,full,579867,LR,0.16043074559224546,0.047408922115766076,0.11302182347647938,0.9603393830599888,0.008968528671508613
train,full,580044,LR,0.17156517991363274,0.03803847059879338,0.13352670931483934,0.9619321584114304,0.010181029780547532
train,full,580347,LR,0.170428472227408,0.045016980177337206,0.1254114920500708,0.9620480416382202,0.009533790748310665
train,full,581349,LR,0.25349965328784935,0.12934336733180987,0.12415628595603947,0.9620911686244967,0.009386086467541884
train,full,583858,LR,0.17320950285773348,0.044473556457207734,0.12873594640052574,0.9613235079601178,0.00997007276519556
train,full,586460,LR,0.17811058940776445,0.05096968952969244,0.12714089987807203,0.9622540455633453,0.009605932186714275
train,full,587664,LR,0.22516660428570537,0.08074124231725317,0.14442536196845224,0.9602883740929545,0.011469542212081244
train,full,588565,LR,0.17012005219280152,0.04255425984532316,0.12756579234747834,0.9658872641451616,0.008702371164606561
train,full,589567,LR,0.22198294836495205,0.06396266148073985,0.15802028688421219,0.9684195125595876,0.009998438287826818
train,full,590047,LR,0.14205733873943768,0.03375270067511155,0.10830463806432614,0.9558112857889184,0.009580200710091434
train,full,592455,LR,0.19510507585570958,0.08505012586163276,0.11005494999407685,0.9592521225674997,0.008977127186938402
train,full,594156,LR,0.1840190189990678,0.07336720455231258,0.11065181444675526,0.9591871453887835,0.009022403128817472
train,full,598568,LR,0.26302588399203464,0.1388797247753642,0.12414615921667044,0.9639527817046646,0.008932857151834579
train,full,599065,LR,0.17954813348424858,0.059947390658622215,0.11960074282562637,0.9581174468009027,0.010016636746729068
train,full,599469,LR,0.18779675970707965,0.07356286274741607,0.11423389695966357,0.9629272702708641,0.008474922733997994
train,full,599671,LR,0.2737687591296396,0.05730401876854386,0.21646474036109573,0.9753758964206445,0.010684544903710494
train,full,601127,LR,0.20830933624819456,0.05854123381859492,0.14976810242959965,0.9645649220132694,0.010630687615699526
train,full,604537,LR,0.1478936408812595,0.03175783701276754,0.11613580386849195,0.9588757758720523,0.009563976056481628
train,full,609143,LR,0.16066262531573794,0.037759351566777406,0.12290327374896055,0.9646529697987496,0.008699337954099627
train,full,611938,LR,0.18831982845939535,0.03062443041169028,0.15769539804770505,0.9661104624577314,0.010703750542164167
train,full,613538,LR,0.16521082343331936,0.03445509551638856,0.13075572791693077,0.9643690887061416,0.009336320970857945
train,full,615441,LR,0.19034049934079977,0.03411410534246133,0.15622639399833846,0.9704322313269141,0.009251838666244442
train,full,615744,LR,0.18278428381843792,0.04799567884352004,0.13478860497491787,0.9618877734013753,0.010286013066565805
train,full,617748,LR,0.1677438499087555,0.04715191555888979,0.12059193434986569,0.9634031579850061,0.008824090807680315
train,full,618952,LR,0.20436045943435802,0.0634387800156076,0.14092167941875042,0.9670978194594901,0.009258332361135324
train,full,620434,LR,0.16742740413458582,0.06194329244188361,0.1054841116927022,0.9543516313602807,0.009631805865248722
train,full,622236,LR,0.1657309439320882,0.044201557248131865,0.12152938668395635,0.9627884246179716,0.009055000847362903
train,full,623844,LR,0.17412043384713816,0.034939109765317944,0.13918132408182018,0.9567745632340048,0.012040801137696127
train,full,626648,LR,0.159455166490633,0.0506680281254921,0.10878713836514088,0.9609127122377278,0.008513266678949033
train,full,627549,LR,0.18198622115193427,0.053258655954474675,0.12872756519745962,0.9612012397342363,0.009993839256503764
train,full,633847,LR,0.1806990996873415,0.05128657670379478,0.1294125229835467,0.96547461843683,0.008947961771871682
train,full,634748,LR,0.16518094700982722,0.027823129573722034,0.1373578174361052,0.966866836385152,0.0091202085375925
train,full,635245,LR,0.17710583970724872,0.03918888103117665,0.13791695867607207,0.963868223695283,0.009983118918806332
train,full,644044,LR,0.15688752982790444,0.054625732322513304,0.10226179750539113,0.9597116491637201,0.00824776534643499
train,full,644246,LR,0.17483026327353238,0.06305987844851176,0.11177038482502061,0.958852070675793,0.00919753722879712
train,full,645551,LR,0.15350067943111861,0.04030985610064309,0.11319082333047557,0.9572172651689507,0.009687972165631003
train,full,647858,LR,0.17179399514053562,0.04620265196431007,0.12559134317622553,0.9617687975787533,0.009618229634758434
train,full,654350,LR,0.15573828775971582,0.035680754183871406,0.12005753357584442,0.9625281436564058,0.009016015622556496
train,full,654552,LR,0.18921787036249585,0.06753647551954604,0.12168139484294978,0.9612643183364443,0.009432924936554376
train,full,654754,LR,0.1345045616683302,0.021075650835750002,0.11342891083258018,0.9573657773615899,0.009676060180879176
train,full,656253,LR,0.18649502957936334,0.0622057733382289,0.12428925624113447,0.960798600971344,0.009756240850131544
train,full,656657,LR,0.23423158297458277,0.10512380218651686,0.1291077807880659,0.9610702936571162,0.010021230173816637
train,full,663755,LR,0.1904702254818842,0.05974357177996834,0.13072665370191583,0.9636283200193747,0.009522630948099768
train,full,664757,LR,0.30006181634530354,0.11252751657675053,0.187534299768553,0.9715248665396006,0.010650038096044706
train,full,667056,LR,0.15238111024123452,0.028584913856483884,0.12379619638475062,0.9601287209342969,0.009893850652615683
train,full,668361,LR,0.19727778072930977,0.0665528228346431,0.13072495789466668,0.9638121298192766,0.009480716787990676
train,full,671855,LR,0.13393982628567072,0.028814659873024364,0.10512516641264634,0.9582005246007435,0.008795559171003137
train,full,672756,LR,0.1567949798285046,0.025774146466798886,0.1310208333617057,0.9598665799899166,0.010539799551464836
train,full,673455,LR,0.16199950066847107,0.05298662717096738,0.10901287349750369,0.9616311772965752,0.008376468190850972
train,full,675661,LR,0.13478353534239432,0.03266361213747781,0.10211992320491654,0.9553681411270428,0.009122412166180592
train,full,677766,LR,0.14406850314737996,0.03335047359625637,0.11071802955112359,0.9566333921474001,0.009612947392666917
train,full,677968,LR,0.1556201601742171,0.028868639824639004,0.12675152034957812,0.9642985235466043,0.009067225682336017
train,full,679568,LR,0.165720188069877,0.05220703484647358,0.11351315322340341,0.9606596108407175,0.008939667621068783
train,full,679770,LR,0.162179918060031,0.038803617632158234,0.12337630042787275,0.964069015206285,0.00888056812834411
train,full,680452,LR,0.16917581512598664,0.06016135088388824,0.10901446424209837,0.96165163479106,0.008362732886662387
train,full,680957,LR,0.18524507262140535,0.07308942321462507,0.11215564940678027,0.9614281338974865,0.008660098448281936
train,full,683256,LR,0.19861038202744224,0.07815946225998194,0.12045091976746031,0.9612916597666442,0.009332383195268289
train,full,685058,LR,0.18740431015859757,0.049635068830854875,0.1377692413277427,0.9653141975614657,0.009577699539764391
train,full,686969,LR,0.14941602415003116,0.03853163231281727,0.1108843918372139,0.9588980528437333,0.009119616431850802
train,full,687163,LR,0.16377045944940435,0.0347723106407498,0.12899814880865454,0.9629766354088424,0.009565106668114994
train,full,688569,LR,0.18834269927583686,0.042157396566533445,0.14618530270930344,0.9632387197414535,0.010728626791450603
train,full,690152,LR,0.30728981219985596,0.15929203266424616,0.14799777953560989,0.9685583931211252,0.009300853927546824
train,full,692964,LR,0.22405922325012675,0.09128717913146199,0.13277204411866478,0.9649325377767478,0.009328734011316129
train,full,695768,LR,0.18994175137106306,0.06255257707474673,0.12738917429631635,0.9620622614050829,0.009669107051133198
train,full,698168,LR,0.24554993579529155,0.13742520524776186,0.10812473054752969,0.9628601853110813,0.008033247411805774
train,full,700634,LR,0.19403370805130402,0.07492251149173441,0.1191111965595696,0.9572805855418267,0.01016572510476789
train,full,701535,LR,0.15049321710284,0.040508614599514846,0.10998460250332515,0.9600025714575549,0.008806204842593182
train,full,702133,LR,0.2537882425597517,0.11039251327653189,0.1433957292832198,0.9666979038788166,0.009559749364220146
train,full,704238,LR,0.1598651784728179,0.04150588795417938,0.11835929051863854,0.9594287875033525,0.009620714528184374
train,full,705341,LR,0.14485290568798861,0.03215387444722888,0.11269903124075974,0.9584419181236741,0.009383995754061644
train,full,706040,LR,0.15794956198387425,0.04490254230036221,0.11304701968351202,0.9602690298731837,0.008998440570837705
train,full,707749,LR,0.2188276804096532,0.10617444096786524,0.11265323944178794,0.9620401392002333,0.00855617195947919
train,full,715041,LR,0.1599958108617065,0.04178390350536736,0.11821190735633916,0.9558815575088144,0.01044242604481
train,full,715647,LR,0.19972631601087762,0.08879197988787771,0.11093433612299991,0.9619212205614579,0.008451640644194122
train,full,720337,LR,0.1582614629453685,0.03259466479480808,0.12566679815056042,0.9616330386861806,0.00966057929083176
train,full,724446,LR,0.1626506482941246,0.024665621230523814,0.1379850270636008,0.9632583539083438,0.010148701003251466
train,full,725751,LR,0.19162689784260747,0.041314143405555157,0.1503127544370523,0.9614512504207238,0.011610405172883758
train,full,727654,LR,0.18370808885832715,0.037364631713077495,0.14634345714524966,0.9695665110888461,0.008929469188076546
train,full,728454,LR,0.20484140476332577,0.08528448571843115,0.11955691904489457,0.961551826343057,0.00920141543586287
train,full,729254,LR,0.1597010173391126,0.04598689665161952,0.1137141206874931,0.9588547481270506,0.009359982510344743
train,full,729557,LR,0.14972472084563518,0.04974294264951863,0.09998177819611655,0.9578815875140442,0.008426430141251499
train,full,731140,LR,0.19552278833216508,0.06712225192925814,0.12840053640290697,0.9620848258515905,0.009747990019305592
train,full,732243,LR,0.21054816320379838,0.05400139557536883,0.15654676762842953,0.9689189716358164,0.009743591390014277
train,full,735148,LR,0.35819869561499623,0.22177182415521332,0.13642687145978294,0.9709911070046098,0.00790976787501389
train,full,742549,LR,0.21821773751452483,0.08176198740962029,0.13645575010490454,0.9635944296018102,0.00992808273313331
train,full,744553,LR,0.12521379601533744,0.02902878276700682,0.09618501324833062,0.9564864601267131,0.00836128431452821
train,full,748258,LR,0.16045592853918195,0.053418037366578346,0.10703789117260364,0.9601313149195388,0.00854146039090222
train,full,748662,LR,0.13846405303852818,0.039467193940971874,0.0989968590975563,0.9565865937095425,0.008595515645227597
train,full,749058,LR,0.21824100220909046,0.09759292019236618,0.12064808201672429,0.9624030027134904,0.009075017586608879
train,full,749361,LR,0.1538666585442557,0.04316554249258709,0.11070111605166863,0.9592725904074305,0.009024415854953395
train,full,751348,LR,0.17868428948258663,0.07472375456922256,0.10396053491336407,0.9569894446869623,0.008941818325844756
train,full,753150,LR,0.1919124574916802,0.03449388495030839,0.15741857254137182,0.9681183349805039,0.010046945226812475
train,full,753251,LR,0.16250663013748193,0.03678560867419649,0.12572102146328543,0.9619678514438029,0.009585645575352023
train,full,756055,LR,0.13359289807057506,0.02530061017124112,0.10829228789933394,0.9570461632195142,0.009308125368024988
train,full,757764,LR,0.15586020369199796,0.0527277266866718,0.10313247700532617,0.9601927220363388,0.008214602940856845
train,full,759869,LR,0.19147004474651413,0.0494372226357361,0.14203282211077803,0.9660374261723438,0.009661144010454346
train,full,760551,LR,0.18627344221621958,0.07835528105341893,0.10791816116280066,0.9589199835568257,0.008871701598149396
train,full,761957,LR,0.16547465870121042,0.04689666738179433,0.1185779913194161,0.959743350598734,0.009554516848806356
train,full,763557,LR,0.15337940631545044,0.028443597543893667,0.12493580877155674,0.9595365837492178,0.01012728641112145
train,full,765056,LR,0.2031407710928298,0.0319539827199485,0.17118678837288132,0.9625915169116848,0.012830855955424833
train,full,766563,LR,0.22004380993286676,0.0569407037274406,0.16310310620542615,0.9705114941818486,0.009626557207918182
train,full,769064,LR,0.20219649785640667,0.06195424458677449,0.1402422532696322,0.9655257466820428,0.009673729110712084
train,full,770352,LR,0.18512919877242173,0.050962091716513766,0.13416710705590798,0.9650722655673534,0.00938658408662239
train,full,771354,LR,0.16280944562080252,0.04645537738970191,0.11635406823110062,0.9624856907461476,0.008735800125164311
train,full,773257,LR,0.20012122237474447,0.06050443889466306,0.13961678348008144,0.9634466875284614,0.010223922370458825
train,full,774663,LR,0.16939095501035528,0.03861968884314389,0.13077126616721135,0.9592719998408031,0.010666196973579154
train,full,782561,LR,0.16674161735493917,0.05995445447797454,0.10678716287696464,0.9611514343033851,0.008304585024227895
train,full,783462,LR,0.18496369697236525,0.046969864346717766,0.13799383262564746,0.9659441923040987,0.009412034068729765
train,full,786569,LR,0.16986248014328362,0.06361422247127789,0.10624825767200573,0.9581706044884428,0.008893561980062218
train,full,788674,LR,0.1752487181701236,0.0692665568298541,0.10598216134026951,0.956695546115571,0.009183126075454823
train,full,788876,LR,0.16514557022749363,0.04419162815755694,0.12095394206993669,0.9627037036484268,0.009026781991998746
train,full,792766,LR,0.2417698631039667,0.11294152415165877,0.12882833895230789,0.9678197623180199,0.008296998366728972
train,full,792867,LR,0.1999180176315319,0.0707277112512759,0.12919030638025603,0.9673074418068071,0.008463086486306346
train,full,793465,LR,0.19410181594486522,0.04937925268254966,0.14472256326231556,0.9638423839013336,0.01047596564619529
train,full,800941,LR,0.1358911567216205,0.02496657291225978,0.11092458380936071,0.9575539765335546,0.009427735270752753
train,full,802844,LR,0.15750930508245864,0.03533616422353301,0.12217314085892562,0.9628640381866678,0.009090812329798845
train,full,803240,LR,0.14317442934217528,0.03117907515740962,0.11199535418476567,0.956709195323532,0.009709957506430287
train,full,804646,LR,0.27756662818311745,0.04996637257875864,0.22760025560435876,0.977167051624256,0.010414574894539686
train,full,809252,LR,0.18091677922424462,0.07383787333016126,0.10707890589408339,0.9581597719633592,0.008963897289639129
train,full,810439,LR,0.15899001180052724,0.045568761708213064,0.1134212500923142,0.9574804198043643,0.009642441042196762
train,full,812746,LR,0.20297300823452377,0.05489155809220785,0.14808145014231594,0.9632134728140795,0.01091728700027861
train,full,815247,LR,0.5862794179958069,0.45108404825939946,0.1351953697364075,0.9684681967745996,0.008501104064632569
train,full,816653,LR,0.16190686613517172,0.032105221745539904,0.12980164438963182,0.9668312360442838,0.008623562890620488
train,full,818455,LR,0.16423677147258958,0.04265669044795409,0.12158008102463551,0.9595857724281003,0.009830131868792771
train,full,818859,LR,0.1497463199851143,0.03341440471909022,0.11633191526602409,0.9610302011098484,0.00907769746290297
train,full,820745,LR,0.23016406161152522,0.10904310351659835,0.12112095809492687,0.9597598881668059,0.009755221788167371
train,full,825048,LR,0.18881913899815528,0.07545442033453997,0.11336471866361528,0.9611204145564629,0.008814471849655146
train,full,825553,LR,0.23690149769503974,0.09558264638704629,0.14131885130799346,0.9675735014653863,0.009165271052542867
train,full,825654,LR,0.16062000687857977,0.04161158728643478,0.11900841959214499,0.9612990303182083,0.00922324034026642
train,full,826353,LR,0.15662343458789213,0.03472290115372966,0.12190053343416248,0.9656507417763065,0.008376803278864602
train,full,826454,LR,0.16995439887778313,0.02520065954882102,0.14475373932896213,0.964723865995864,0.010223422423283793
train,full,827052,LR,0.20762967063076274,0.04360683420149891,0.1640228364292638,0.9740025118007734,0.008546339996293168
train,full,828862,LR,0.20066809205859812,0.04747437703046456,0.1531937150281336,0.9683762744229822,0.00970239435508249
train,full,833249,LR,0.208157867450197,0.032847712499290325,0.17531015495090665,0.9692622287609806,0.010791622011194808
train,full,835657,LR,0.17397771538598988,0.05951178665222628,0.11446592873376359,0.9603145681917533,0.00908725026576984
train,full,837560,LR,0.16747914946729486,0.054367648708049096,0.11311150075924577,0.9605296673170228,0.008939129669652497
train,full,837964,LR,0.1682261643706595,0.04863575637492242,0.1195904079957371,0.9620778440869961,0.009081517645276965
train,full,841349,LR,0.17062553584508666,0.03344049577017714,0.1371850400749095,0.963463270246336,0.010040825765660493
train,full,843151,LR,0.2522154945201417,0.07757938477278989,0.1746361097473518,0.9731463897134743,0.009364051366592163
train,full,845458,LR,0.14626890437762224,0.03890544915527589,0.10736345522234636,0.96033957210431,0.00852770126686559
train,full,849971,LR,0.1970185524233627,0.05238271567249958,0.1446358367508631,0.9645145132658641,0.010277862387140128
train,full,852455,LR,0.177389431050255,0.05410483211886119,0.12328459893139379,0.9600050859398676,0.00987453596030411
train,full,856766,LR,0.18069650111506244,0.05013331532638598,0.13056318578867646,0.9659489703999724,0.00890328612476517
train,full,856968,LR,0.1523129841328834,0.03246941602141821,0.11984356811146521,0.9606942618280487,0.009433125143189194
train,full,857263,LR,0.16067477834558305,0.031530403442543896,0.12914437490303918,0.9612368530180266,0.01001678495152298
train,full,861456,LR,0.21216314282415713,0.08909125427224497,0.12307188855191217,0.9668034412486303,0.00817104446899038
train,full,869472,LR,0.18289922483919677,0.0772213423087827,0.10567788253041409,0.9582763182802432,0.008828036184885002
train,full,870861,LR,0.16816510437914534,0.04117029714821757,0.12699480723092774,0.9629267446382587,0.009418842909754227
train,full,871964,LR,0.1590520937171336,0.03468288435968182,0.1243692093574518,0.9627678787644958,0.009276705541602199
train,full,872158,LR,0.15030287815037205,0.03362130004579743,0.1166815781045746,0.9598141385054895,0.009389085287345864
train,full,872562,LR,0.14258361626232086,0.026665321978403714,0.11591829428391714,0.9613353281616821,0.00897082991324345
train,full,872764,LR,0.18088450744066112,0.06750973681805474,0.11337477062260638,0.9591356148226562,0.009270380787427751
train,full,873968,LR,0.1525597393477895,0.027585990778100367,0.12497374856968914,0.9606549594518945,0.009841615266708192
train,full,877269,LR,0.23575457010133052,0.11885592890882958,0.11689864119250094,0.9600047802312726,0.009351718017377988
train,full,878776,LR,0.24630711317517107,0.11086636321296914,0.1354407499622019,0.9600219171717337,0.01083208355723888
train,full,878877,LR,0.18044075789757583,0.07041657458951887,0.11002418330805694,0.9569857412216158,0.009475482443797152
train,full,882161,LR,0.16782005030858518,0.04435304883780027,0.12346700147078488,0.9653712707020871,0.008558829688021297
train,full,884064,LR,0.16895287298072775,0.05662269521064047,0.11233017777008734,0.9623984842384509,0.008455831289727834
train,full,885975,LR,0.28309911520012143,0.12673246989564063,0.1563666453044808,0.9722049067285444,0.008680597226288486
train,full,887373,LR,0.16760857575137922,0.04192066558145212,0.12568791016992711,0.9662176477152847,0.008501914111234873
train,full,888678,LR,0.17997123536434492,0.05921671324148557,0.12075452212285934,0.9606054377953107,0.009506142154018732
train,full,889579,LR,0.15062539474608794,0.02683872753161933,0.1237866672144686,0.9645238597023673,0.008777747329041711
train,full,891667,LR,0.17866317795067765,0.04432742505780477,0.13433575289287283,0.9625711173616465,0.010072952022495998
train,full,898176,LR,0.29423100903578,0.18121963106961203,0.11301137796616793,0.9634576284136431,0.008250145977595227
train,full,899885,LR,0.17198763087378577,0.049857741897521804,0.12212988897626391,0.9633485412330293,0.008955732746872027
train,full,901038,LR,0.15161781362211277,0.041527380293367604,0.11009043332874513,0.9610348577367306,0.008593884115151319
train,full,901139,LR,0.22443309462252023,0.08217426495877846,0.14225882966374173,0.966759087143383,0.009443196239571874
train,full,901442,LR,0.17199238118910065,0.056261453578023396,0.11573092761107724,0.9592768355224337,0.009425094613672125
train,full,907656,LR,0.21679540214907184,0.09004504116552911,0.12675036098354273,0.9617150145465176,0.009715049530686456
train,full,910241,LR,0.2237301114044473,0.08168156550751346,0.14204854589693383,0.963308590082463,0.010441299902144196
train,full,910443,LR,0.17126822783928444,0.03508746784398236,0.13618075999530208,0.9652739576670392,0.009462146367761232
train,full,911849,LR,0.18052711163254395,0.05090587826750426,0.1296212333650397,0.9633267677349107,0.009512657121566303
train,full,917255,LR,0.1544453385691735,0.0440687239945636,0.11037661457460989,0.9570895619267297,0.009485871489589813
train,full,917558,LR,0.16643009389283367,0.030948348176045196,0.13548174571678848,0.9653331982585195,0.009414427112473612
train,full,922854,LR,0.17911187956038863,0.05160914253390757,0.12750273702648107,0.9631664645207418,0.009390186362519903
train,full,926862,LR,0.16688016984054563,0.04891702294945897,0.11796314689108668,0.9580936728825791,0.009883066650404964
train,full,927359,LR,0.16597205768856133,0.03968547625471129,0.12628658143385002,0.9595658494068702,0.010223462050991507
train,full,932554,LR,0.13500863516000136,0.025549334160046084,0.10945930099995527,0.9601493862334606,0.008735300630302784
train,full,937160,LR,0.16705857253807913,0.06330678859880585,0.10375178393927328,0.9553100626930322,0.0092736664533166
train,full,942658,LR,0.20648442173739,0.10508876825854721,0.10139565347884277,0.9582246248923615,0.008472016305477344
train,full,943862,LR,0.17794168959051912,0.048741296264745375,0.1292003933257737,0.9623699524949998,0.009736483948574752
train,full,952863,LR,0.17041409878473165,0.03983607322193134,0.13057802556280038,0.9618190041409292,0.009979983383819254
train,full,958976,LR,0.20347550895826522,0.07397421729449598,0.12950129166376922,0.9620510882802906,0.009840099033774438
train,full,959574,LR,0.15916860539944855,0.0618175941824938,0.09735101121695477,0.9566709811212754,0.008435301478428976
train,full,962058,LR,0.2172357827109996,0.08994285163967333,0.12729293107132625,0.9598341781281793,0.010214687344916642
train,full,965771,LR,0.17959504099978377,0.06350507565782826,0.1160899653419555,0.9622641511544026,0.008751883963837912
train,full,966975,LR,0.3074493674560298,0.1758275558852017,0.1316218115708281,0.9621090142631095,0.009974451289104645
train,full,969476,LR,0.1606059411420211,0.033067687980353554,0.12753825316166753,0.9606066162822441,0.010051771352055169
train,full,971160,LR,0.1493920562818288,0.027933646599260783,0.12145840968256803,0.9606409466357813,0.009574090040793412
train,full,972566,LR,0.1807906041236002,0.05529173132568878,0.12549887279791141,0.9630218612170468,0.009293776318222181
train,full,973770,LR,0.17849154560581632,0.03594782868524244,0.1425437169205739,0.9612937892048886,0.011042148477643012
train,full,978578,LR,0.16371736399865383,0.02934865534124563,0.13436870865740816,0.9650282575266869,0.009419008932461764
train,full,983773,LR,0.16721181084386247,0.034161851552472075,0.13304995929139035,0.9629515295463207,0.009853218427206418
train,full,984472,LR,0.20430880188095543,0.030426390901295095,0.17388241097966034,0.9750987860588444,0.008677600834569558
train,full,987074,LR,0.19534248301860532,0.04532989066174562,0.15001259235685968,0.9667485884430204,0.009974537555115934
train,full,987983,LR,0.1292095504893841,0.03533611570005181,0.09387343478933227,0.9568973533363679,0.008094750849244286
train,full,989987,LR,0.1909310036926862,0.04504464686021954,0.14588635683246665,0.9645806367667915,0.010353256716327598
train,full,990366,LR,0.1436633171343501,0.03273781819800741,0.11092549893634271,0.9581512975842869,0.009290627057247376
train,full,992673,LR,0.19169951695705786,0.05642194996036309,0.1352775669966948,0.9705674499686275,0.007978905816097292
train,full,992774,LR,0.15962311694469422,0.0449243101070835,0.1146988068376107,0.961567802777554,0.008812670509812708
train,full,993675,LR,0.16277229625283293,0.060366311344818374,0.10240598490801456,0.9587724305372625,0.008452687288722689
train,full,994273,LR,0.2715887309857612,0.033115695436498636,0.23847303554926258,0.9745065365335405,0.012187819739709003
train,full,996782,LR,0.1588376774083749,0.031234338373685087,0.12760333903468982,0.9611083089614795,0.009940262658976092
train,long,100206,LR,0.17714419796529737,0.03183175318613721,0.14531244477916017,0.9644529986602743,0.010331297030663314
train,long,100408,LR,0.36635853114497896,0.24863524700371079,0.11772328414126824,0.9650937753250535,0.008220962173882533
train,long,100610,LR,0.15513066994797373,0.03592437295954185,0.1192062969884319,0.9583256004900366,0.009930713111538243
train,long,101309,LR,0.15507623306726537,0.03073094759480409,0.12434528547246126,0.9562552677653645,0.010866959892040081
train,long,101410,LR,0.1750030488197099,0.06376820473163923,0.11123484408807065,0.9603858289913647,0.008811735522842352
train,long,101915,LR,0.19973224864962022,0.06038574863425971,0.13934650001536053,0.967217131908104,0.009135183611811724
train,long,102008,LR,0.271123564336886,0.13950836289749494,0.13161520143939107,0.9654916173220085,0.009045394780823352
train,long,102311,LR,0.19048468816164985,0.0835394401897953,0.10694524797185456,0.9581974510502301,0.00893778366546794
train,long,102513,LR,0.1916153919358781,0.04170528579823168,0.14991010613764638,0.9679480607431371,0.009603660141565952
train,long,102715,LR,0.16509092318036056,0.045593276974225876,0.11949764620613469,0.9600541608111786,0.009542778276435243
train,long,102816,LR,0.19672987603090514,0.07690638819482618,0.119823487836079,0.9598810507878472,0.00961505260029039
train,long,103010,LR,0.1729715563798138,0.04104195542626147,0.1319296009535523,0.9668861306866628,0.008739225463843
train,long,103111,LR,0.17288121090261707,0.053734990408418545,0.11914622049419851,0.9574928638594412,0.010125166155390417
train,long,103414,LR,0.1623135029862817,0.05532152766234401,0.10699197532393766,0.9576453153124724,0.009061361834838222
train,long,103515,LR,0.19682047402632113,0.07664585957413482,0.12017461445218633,0.9625917536832123,0.008995763069057517
train,long,103818,LR,0.18251016840951645,0.07440591460058257,0.10810425380893389,0.963582329356196,0.007871662677256778
train,long,104416,LR,0.16081923598413747,0.0447004706399233,0.1161187653442142,0.961226000853083,0.009006596113560267
train,long,104820,LR,0.1973810443889476,0.051786463410760424,0.14559458097818717,0.9663471384871039,0.009783306505974173
train,long,105014,LR,0.1570018926901191,0.03717933036138372,0.11982256232873541,0.9581916521346915,0.010011957527716418
train,long,105115,LR,0.19415843381021314,0.07187435803969361,0.1222840757705195,0.9619285744698122,0.009307344319546385
train,long,105216,LR,0.18879971021183642,0.061573302087507484,0.127226408124329,0.9585097444913949,0.01056650054198101
train,long,105620,LR,0.1845477248913032,0.0514252011874755,0.1331225237038277,0.9660165004577403,0.009051428418329472
train,long,105923,LR,0.16097970973940395,0.05403901016117285,0.1069406995782311,0.9593704571799037,0.008691485697557448
train,long,106016,LR,0.20511480599421564,0.06796731275549665,0.13714749323871897,0.9604717587896935,0.010854424955464176
train,long,106319,LR,0.3497064389949188,0.16487874903151503,0.18482768996340382,0.9752273604788773,0.009160215553210891
train,long,106824,LR,0.2405128235682519,0.0662850069341124,0.17422781663413944,0.9679939630423076,0.011129788482326503
train,long,107321,LR,0.13938142991606162,0.03836864236230614,0.10101278755375548,0.9593754093898093,0.008193508893697568
train,long,107422,LR,0.19543111833939708,0.07183250634227327,0.12359861199712383,0.953541808936128,0.011482531228484638
train,long,108020,LR,0.24904288246234432,0.06259258510507482,0.1864502973572695,0.9752594050464042,0.009214289706249141
train,long,108222,LR,0.23165684896092603,0.07380970426100653,0.1578471446999195,0.9708145891940152,0.009221835651015831
train,long,108828,LR,0.24323229072399508,0.09857566039768494,0.14465663032631015,0.9675104145722256,0.009393167138895804
train,long,109123,LR,0.17795256334602047,0.04491033940470616,0.13304222394131432,0.9643443706641366,0.009480213855137752
train,long,109830,LR,0.14483560042118407,0.03748923689754686,0.1073463635236372,0.9626687553318983,0.008011982605539406
train,long,110007,LR,0.15985798564533282,0.0467648598171578,0.113093125828175,0.9617563710059349,0.008641444570865154
train,long,110411,LR,0.15003562907977933,0.02749125201446205,0.12254437706531728,0.9586907766757267,0.010120472679905622
train,long,110613,LR,0.2170355205661009,0.044488011306784384,0.1725475092593165,0.9707999113658444,0.010064400423460055
train,long,111211,LR,0.20785372796270837,0.09673659686267926,0.11111713110002908,0.9611608164328249,0.008616436057707443
train,long,111312,LR,0.16016055849509486,0.049094116342004564,0.11106644215309028,0.960022899199438,0.008850834810741755
train,long,111514,LR,0.19350164870800934,0.07939284050330511,0.11410880820470425,0.9591727437722919,0.009315663013630213
train,long,111716,LR,0.17605813205754414,0.0612599446559325,0.11479818740161163,0.9566929456006535,0.009934350320327513
train,long,112112,LR,0.21533001804722054,0.040160371689929114,0.17516964635729143,0.971333676278857,0.010044670417070814
train,long,112314,LR,0.18553989739976734,0.04105309661110497,0.14448680078866238,0.9661429997005871,0.009784799693241671
train,long,112516,LR,0.1617499445722914,0.044073770015301404,0.11767617455698999,0.9635200005362091,0.008577699998176801
train,long,112819,LR,0.13921362154709016,0.03084636388902193,0.10836725765806823,0.9585689270667678,0.008963076298600364
train,long,112920,LR,0.34189408943856714,0.16618414401302134,0.1757099454255458,0.9701982870424598,0.01046303669064853
train,long,113215,LR,0.17842098434681675,0.05102458657669666,0.12739639777012007,0.9604895308110962,0.010055997957175778
train,long,113316,LR,0.16524183615757998,0.04140572511884662,0.12383611103873333,0.9622546026326081,0.00932324578567751
train,long,113619,LR,0.15691810354400404,0.02650809902308622,0.13041000452091783,0.9616576503329572,0.010010038812971975
train,long,113922,LR,0.16931250150338237,0.05110147460066865,0.1182110269027137,0.9629801803412643,0.00873134168882885
train,long,114217,LR,0.17117467003038597,0.048086020682644996,0.12308864934774098,0.9593014903015017,0.010020816073617777
train,long,114419,LR,0.17406919243764477,0.060693781771933075,0.11337541066571165,0.961063009353652,0.00881275261574508
train,long,115017,LR,0.13944182992935178,0.03425039213470115,0.10519143779465064,0.9576974121708954,0.00889548111557737
train,long,115219,LR,0.16781482405021111,0.03553261833419532,0.13228220571601582,0.9634756350587917,0.009665536591275982
train,long,115320,LR,0.193652583648689,0.07502189655906355,0.11863068708962546,0.9631039819666977,0.008737148583549213
train,long,115724,LR,0.19085201358151707,0.08764595561000225,0.10320605797151482,0.9597341621963058,0.008301306336671511
train,long,115825,LR,0.16163936324524242,0.042675898509101806,0.11896346473614057,0.9622026387444432,0.00898906691726311
train,long,116423,LR,0.1822624722903675,0.041835068570920106,0.1404274037194473,0.9624932744704916,0.010526077849676747
train,long,116726,LR,0.18868911242880765,0.06772101519946687,0.12096809722934079,0.9574728672819411,0.010282572345117914
train,long,117021,LR,0.16734914572201215,0.050590316250996796,0.11675882947101537,0.9629430108734895,0.008633184962833428
train,long,117324,LR,0.1857815324700031,0.054848879393607504,0.13093265307639557,0.9654540446990566,0.009021584161798631
train,long,117930,LR,0.15568864215350203,0.04175722363484831,0.11393141851865371,0.9639667180512642,0.00820076398762118
train,long,118023,LR,0.30499712132470214,0.11775961688249177,0.18723750444221038,0.9733801907886792,0.009918332098685761
train,long,118124,LR,0.2339022731703913,0.11987510817642813,0.11402716499396318,0.9615080075624602,0.008773011228673612
train,long,118225,LR,0.18607863706769057,0.036288330121144824,0.14979030694654577,0.961636696201905,0.011509773836365221
train,long,118730,LR,0.16136555509555178,0.049411489794930596,0.11195406530062119,0.9594420906904073,0.00907567734151062
train,long,118932,LR,0.16755027162443797,0.05033560560681994,0.11721466601761803,0.9613374931759138,0.009055433694039758
train,long,119025,LR,0.2082464996208749,0.09011978407073071,0.11812671555014419,0.9596799109036339,0.00952928620253689
train,long,119126,LR,0.17742995705345543,0.06339636798682122,0.11403358906663419,0.9575754716662384,0.009669917337920947
train,long,120111,LR,0.1639890066950925,0.05690246767903227,0.10708653901606026,0.9585424321575754,0.00887995442717814
train,long,120212,LR,0.18864319313881542,0.07392987602808546,0.11471331711073,0.9591388718324884,0.009370846529426448
train,long,120414,LR,0.16910327367383657,0.039730427592531155,0.12937284608130542,0.9650059897910345,0.009055906420916025
train,long,120515,LR,0.18131776851509887,0.043185502606169095,0.13813226590892977,0.9640367948920764,0.009929896073407973
train,long,120717,LR,0.17580989358778457,0.05015833074428099,0.12565156284350354,0.9645284468163334,0.008928106219176326
train,long,121416,LR,0.24171162175263974,0.10485012889116166,0.13686149286147806,0.9643264356834806,0.009740460734683544
train,long,121719,LR,0.20212609059520215,0.06668294553704003,0.1354431450581621,0.9666634427085375,0.009034734542409509
train,long,121921,LR,0.22255699081426794,0.06315851124644575,0.15939847956782222,0.9661148612954176,0.010795714542370978
train,long,122620,LR,0.16157382166242645,0.04300888528083183,0.11856493638159463,0.9600239635122028,0.009466418568545389
train,long,122822,LR,0.17947687098502962,0.06523481066195534,0.11424206032307428,0.962663248827324,0.008533592112290347
train,long,123420,LR,0.16105062883239174,0.05234876385930276,0.10870186497308897,0.9583282071851081,0.009061046061435799
train,long,123824,LR,0.24782631995931675,0.08994236437190463,0.15788395558741214,0.9702722182038763,0.009376054230920009
train,long,124220,LR,0.1834847793918787,0.04917765716588463,0.13430712222599409,0.9657384643755893,0.009200629534377922
train,long,124422,LR,0.17036258400780213,0.05680297227678736,0.11355961173101475,0.9592356209958435,0.009244922817891516
train,long,124826,LR,0.20812701405178452,0.09036087061681017,0.11776614343497432,0.9614978931151829,0.009059076356912724
train,long,125222,LR,0.15215079908603082,0.034646559435823766,0.11750423965020705,0.9574010290830357,0.009992707817047523
train,long,125424,LR,0.1860652569949306,0.05258303727391795,0.13348221972101265,0.9595752112677287,0.010803589924956758
train,long,125525,LR,0.18313070262280848,0.05233568850778278,0.13079501411502567,0.9637879482950689,0.009470230559636958
train,long,126628,LR,0.28701247622126813,0.17399155278792997,0.11302092343333818,0.9653077874832545,0.00784147526370662
train,long,127226,LR,0.19947388034866173,0.07319524681344058,0.12627863353522117,0.9617706405454508,0.009618982628081377
train,long,127327,LR,0.18820695714421362,0.08074953243976339,0.10745742470445022,0.9572448983419801,0.009178377268727344
train,long,127630,LR,0.19056928956544827,0.060313933921857,0.13025535564359125,0.9632595082937236,0.009565811414852644
train,long,127731,LR,0.1865906750135396,0.0713352454895948,0.11525542952394484,0.9593009861507064,0.009375294614590718
train,long,127832,LR,0.20131033239212226,0.05720215087265712,0.14410818151946514,0.9648598689496454,0.01013649860929244
train,long,127933,LR,0.19026749881280156,0.06751473537612268,0.1227527634366789,0.9591983393841925,0.010011672979597055
train,long,128026,LR,0.19024517661893778,0.04078645594955982,0.149458720669378,0.9612069551869993,0.011586243002280094
train,long,128127,LR,0.21300010158006055,0.07511933714374044,0.13788076443632008,0.9627168530331988,0.010285049964569309
train,long,128632,LR,0.24182087863071391,0.11722608623667291,0.124594792394041,0.9635562105728488,0.009086354833314518
train,long,129028,LR,0.14941027471440366,0.039220130433567334,0.11019014428083634,0.9601574701677625,0.008761313776427337
train,long,129129,LR,0.17418722618963176,0.04431365578405255,0.1298735704055792,0.9634656873909206,0.009486456591218903
train,long,129634,LR,0.1887993113003644,0.06738424107382947,0.12141507022653492,0.9599839869244514,0.00971298582280907
train,long,129937,LR,0.14980425790157714,0.04742222685525742,0.10238203104631971,0.9590086418062265,0.00838197540889329
train,long,130013,LR,0.1623359657827043,0.03265392139631036,0.1296820443863939,0.9605346818022923,0.010227557951305854
train,long,130316,LR,0.14984538508780543,0.0375645500062308,0.11228083508157463,0.9603639731270976,0.008898660071473904
train,long,130417,LR,0.16895184277674016,0.046716187301023795,0.12223565547571641,0.9582843758465346,0.010193890483967292
train,long,130518,LR,0.18761260217202452,0.04620856969272271,0.1414040324793018,0.9634825278231921,0.010321950484473314
train,long,130619,LR,0.1626862994758634,0.043509396938999065,0.11917690253686435,0.9597019040950279,0.009604916551233892
train,long,130720,LR,0.28390709772717965,0.05938817255472132,0.2245189251724583,0.9660879237730551,0.015243331578027418
train,long,130821,LR,0.20622935861160954,0.10194682546542186,0.10428253314618768,0.9572102762225699,0.008886520443930514
train,long,131419,LR,0.18158759693779242,0.040079624950758966,0.14150797198703347,0.9642024062358554,0.010137008967335812
train,long,131722,LR,0.16635296612162181,0.04566873990735008,0.12068422621427174,0.9596068047641261,0.009727575626946042
train,long,131823,LR,0.16872548216677968,0.034250265139342026,0.1344752170274377,0.9606606227945687,0.010574549558615488
train,long,131924,LR,0.1734397181312331,0.04320359873259649,0.13023611939863658,0.9645360423558479,0.009239153689855364
train,long,132017,LR,0.1713306610492075,0.04934729892136352,0.12198336212784398,0.9638033416934157,0.008821247804319296
train,long,132118,LR,0.16131469489740863,0.04534899647456782,0.1159656984228408,0.9559554389288019,0.01019754365685601
train,long,133019,LR,0.20535422092814734,0.09602699262169756,0.10932722830644981,0.9646914139804452,0.007666864217310549
train,long,133928,LR,0.34282590261358925,0.22147650278999884,0.12134939982359043,0.9635981298603853,0.008815059948793107
train,long,134021,LR,0.23188291281161627,0.12117674430245005,0.1107061685091662,0.9573541931684677,0.009406911163776495
train,long,134324,LR,0.14608283624754018,0.03285961020422731,0.11322322604331288,0.9602564457993806,0.008988033994902174
train,long,134425,LR,0.16649725455055495,0.029867215175708544,0.13663003937484638,0.9658967025433052,0.009316251064913095
train,long,134627,LR,0.1706126986055088,0.034139715006881406,0.13647298359862742,0.965463223869739,0.009420140952371326
train,long,134829,LR,0.19341734509774858,0.04247321503040934,0.15094413006733925,0.9660362247577452,0.01025850122193892
train,long,135225,LR,0.19604447705478348,0.05591578946269648,0.14012868759208696,0.9676266683191327,0.009072039821836332
train,long,135528,LR,0.1577386258178857,0.052021407120695556,0.10571721869719014,0.960579755732064,0.008332216296596796
train,long,135730,LR,0.17705029177438183,0.03299373744842309,0.1440565543259587,0.9654390490979594,0.009952086679739037
train,long,135932,LR,0.18648651680078734,0.04349860441189089,0.14298791238889647,0.9689337904025763,0.008862051189423462
train,long,136126,LR,0.17999957853961185,0.050618172738782705,0.12938140580082916,0.9629194016620054,0.009598483019304974
train,long,136227,LR,0.2012344013634767,0.055442325652644314,0.14579207571083236,0.9671661753011623,0.0095796573097775
train,long,136732,LR,0.15302302602313977,0.03086170431111105,0.12216132171202873,0.9651580615205825,0.008519462430009967
train,long,137027,LR,0.1589320623847493,0.045187632722645574,0.11374442966210373,0.9582856889867101,0.009499079804599193
train,long,137128,LR,0.17243650508228148,0.048096738783507495,0.12433976629877397,0.9621163487600842,0.009411418443765794
train,long,137229,LR,0.22487668743987735,0.0946503795883808,0.13022630785149653,0.960542348751004,0.010257566046597704
train,long,137633,LR,0.18223800124543685,0.04421983578282771,0.13801816546260912,0.966884500782198,0.009129148986005038
train,long,137936,LR,0.22595115531479512,0.08808455654354562,0.13786659877124952,0.9634954947377888,0.010043313433014166
train,long,138130,LR,0.19486356077174716,0.06169817767833507,0.1331653830934121,0.9592758795045226,0.010842658690961328
train,long,139435,LR,0.20503333656508566,0.05747600684843448,0.1475573297166512,0.9629776431776373,0.010932927342106177
train,long,139637,LR,0.16154600215872103,0.041407557740093345,0.1201384444186277,0.9626642214047241,0.008957910850704227
train,long,139839,LR,0.17448652879015672,0.052113112881225124,0.12237341590893161,0.9638542404749332,0.008837220579224462
train,long,140117,LR,0.15854850939617535,0.03951788537048694,0.11903062402568843,0.9608454305836938,0.009324686079365567
train,long,140319,LR,0.16710206660742655,0.03911992774228926,0.12798213886513732,0.9594275067376946,0.010375227868872123
train,long,140824,LR,0.20616335455562157,0.0625584756977252,0.14360487885789638,0.9654041818336057,0.009941376509001738
train,long,140925,LR,0.20924036183158992,0.03027719036829908,0.17896317146329083,0.9747593603966792,0.009031435839089929
train,long,141119,LR,0.21581863503500762,0.07948391330115886,0.13633472173384875,0.9628415687049339,0.010113427453407339
train,long,141422,LR,0.14835225456661658,0.04124991584391083,0.10710233872270578,0.9602108124827323,0.008515538374745255
train,long,141826,LR,0.15597786140424327,0.03185470599090272,0.12412315541334054,0.9596443092806437,0.010024996409218794
train,long,142828,LR,0.2756949553735712,0.12271631439977469,0.15297864097379651,0.968049753645054,0.009779788672374227
train,long,143224,LR,0.19634725292077823,0.09048977093057485,0.10585748199020338,0.9609891471287416,0.00825779392615105
train,long,143325,LR,0.1763752059828278,0.07615525129030457,0.10021995469252325,0.9579283288142104,0.008427820472123237
train,long,143830,LR,0.17039140643233638,0.026209694762318075,0.14418171167001834,0.9615764799431092,0.011092323008345291
train,long,144226,LR,0.12680200171955341,0.02981127834627736,0.09699072337327604,0.95579897722815,0.008561676552363118
train,long,144832,LR,0.15286087031692794,0.03846063545761868,0.11440023485930925,0.9601164935455666,0.009123148431469793
train,long,145127,LR,0.1617100449588154,0.04441637125445893,0.11729367370435646,0.9631141134731006,0.008649749044949284
train,long,145834,LR,0.20500291204726878,0.07507031662078667,0.1299325954264821,0.9650158461737436,0.009089395598396844
train,long,146331,LR,0.20260821536411053,0.03458637585388721,0.16802183951022331,0.9651879932926622,0.011708634105642483
train,long,146432,LR,0.2196943172889445,0.08249023401998648,0.137204083268958,0.9643990231790789,0.009769225912944839
train,long,146533,LR,0.19761832290695874,0.07912321682624855,0.11849510608071018,0.9623808536436019,0.008910829054929046
train,long,146634,LR,0.20587831392859357,0.08249654566986678,0.12338176825872677,0.9599066491728246,0.00989330040768899
train,long,146836,LR,0.201060959772768,0.06840781789805388,0.1326531418747141,0.9621174385890271,0.01004434450417694
train,long,147030,LR,0.17594800434371577,0.06838958520853188,0.10755841913518391,0.9616157066209192,0.008231637913598358
train,long,147636,LR,0.20238829541114983,0.04344452258423548,0.1589437728269144,0.9632601943714406,0.011673649874201768
train,long,147737,LR,0.20896974993805753,0.09290022419215667,0.11606952574590085,0.9626404008850712,0.008669156228536134
train,long,148335,LR,0.1846748860601899,0.07603766618712682,0.10863721987306306,0.9603784869511519,0.008610923745946008
train,long,148436,LR,0.17814823023921794,0.052045996639484754,0.12610223359973322,0.9641617050954538,0.009025019345610856
train,long,148840,LR,0.21037398850318714,0.06354289007423598,0.14683109842895117,0.9646788001107631,0.010380899436173036
train,long,148941,LR,0.161921693387917,0.045289864909223626,0.11663182847869338,0.9574852667894694,0.009907397096286744
train,long,149337,LR,0.1865889463817516,0.05346872513236392,0.13312022124938772,0.9583976202480277,0.01108359749876118
train,long,149539,LR,0.14398908094194396,0.03339417234163538,0.11059490860030859,0.9560494959532214,0.009713989467190385
train,long,149741,LR,0.1537965139731982,0.0406519246086626,0.1131445893645356,0.95895453135256,0.00928423962463779
train,long,149842,LR,0.17882472942069946,0.047919254872944336,0.1309054745477551,0.9619937004669653,0.009945280649376389
train,long,150524,LR,0.18346229044906898,0.049681187239356245,0.13378110320971273,0.9584780042073013,0.011109853911624487
train,long,150625,LR,0.17425725083509494,0.060943058267403594,0.11331419256769135,0.9589481328159416,0.009293468447078903
train,long,150928,LR,0.1435714021372283,0.0327360935687422,0.11083530856848611,0.9559124863951949,0.00976345282633018
train,long,151021,LR,0.17855307879544677,0.041107137789169884,0.1374459410062769,0.9653784381747841,0.009482380586522213
train,long,151223,LR,0.19830110684901872,0.048092296924607425,0.1502088099244113,0.9688353353514827,0.009357411811264513
train,long,151324,LR,0.19241569298902444,0.03407202394614884,0.1583436690428756,0.9626620327574789,0.011837066199320404
train,long,151425,LR,0.14454166371686428,0.045265546666555787,0.09927611705030849,0.9604483130518401,0.007848958124477879
train,long,151526,LR,0.22601951210208057,0.06881337631398882,0.15720613578809173,0.970179435094941,0.009381254703948565
train,long,151627,LR,0.15193150473327277,0.05816713817308437,0.09376436656018841,0.9541733466925062,0.00858487032243146
train,long,151728,LR,0.16982437041838638,0.052737780654505725,0.11708658976388063,0.9571620215117322,0.010024295218436013
train,long,151829,LR,0.18125798982944538,0.05564122587571155,0.12561676395373386,0.9603977776276359,0.009953469894986232
train,long,151930,LR,0.1821862492470563,0.06181096082387897,0.12037528842317731,0.9583284685092868,0.010019338874245354
train,long,152427,LR,0.19183761557349394,0.04801610619351771,0.14382150937997623,0.9648092770980821,0.010128508050373786
train,long,152831,LR,0.2082751182403001,0.061367388377600925,0.14690772986269915,0.9684932317518946,0.009246382210690015
train,long,153025,LR,0.18520771772211594,0.054578283600474564,0.13062943412164135,0.9571368626733756,0.011207778399922937
train,long,153227,LR,0.16685568700335696,0.03247767609837518,0.13437801090498178,0.9653766425330014,0.009308143498764227
train,long,153631,LR,0.18518157226678506,0.060705621566799116,0.12447595069998597,0.963121305651529,0.00917861380630363
train,long,153732,LR,0.16314386800419445,0.040492628792870175,0.12265123921132425,0.9582311542024174,0.010253602888610366
train,long,153833,LR,0.21946328760717873,0.09348532362237345,0.1259779639848053,0.9584426743114141,0.010451244374155571
train,long,153934,LR,0.16410568718024687,0.04418363400619397,0.11992205317405291,0.9610587767681043,0.009317270055955122
train,long,154229,LR,0.16474847368460477,0.03582803444138395,0.12892043924322077,0.9613615191245649,0.009951674180481705
train,long,154431,LR,0.17784871876732464,0.051158300444881614,0.12669041832244304,0.9635278896299981,0.009240195488184999
train,long,154532,LR,0.19700885279738176,0.05077201154704636,0.1462368412503354,0.9633380240102069,0.010728203610846266
train,long,154936,LR,0.1847032115198999,0.03786539956574662,0.14683781195415327,0.9639335392640108,0.010585019807078546
train,long,155231,LR,0.17295470630893348,0.0440948139214511,0.12885989238748238,0.9597890617410916,0.010355033221876227
train,long,155938,LR,0.3448553934179014,0.17919081628043512,0.16566457713746618,0.9674768441610415,0.010770627739416335
train,long,156031,LR,0.16598473178130022,0.029584197939700612,0.1364005338415996,0.963573447520098,0.009894851740473215
train,long,156233,LR,0.17762496007191733,0.04185305032554783,0.13577190974636952,0.964501702502897,0.009636467255677706
train,long,156334,LR,0.16403010751528643,0.0707011368356181,0.09332897067966835,0.957099329174914,0.007997353696666138
train,long,156536,LR,0.22124016667160687,0.0943949347749528,0.12684523189665403,0.9638387030696279,0.009160916796696192
train,long,157336,LR,0.17708984345559162,0.03574194494937614,0.14134789850621549,0.9659832111898112,0.009611533324747441
train,long,157942,LR,0.20682370123413157,0.07213011619715269,0.13469358503697887,0.9635231293686417,0.009836164061674516
train,long,158035,LR,0.17033468395850979,0.04440239118738891,0.12593229277112092,0.9618364921283926,0.009602043541686719
train,long,158136,LR,0.15741474083231624,0.033738331841243197,0.12367640899107303,0.9576529695517089,0.010473248262762776
train,long,158338,LR,0.17958526736695143,0.03945892181332321,0.14012634555362818,0.9620818781074274,0.010625548740732895
train,long,158540,LR,0.1948337610699804,0.054254563429510405,0.14057919764047,0.9646296018727594,0.009926053853687047
train,long,158843,LR,0.17654268923665917,0.04203081308480433,0.1345118761518548,0.9606875455357107,0.010581928175089383
train,long,159340,LR,0.2251133542297145,0.07662593746907873,0.14848741676063576,0.9601084792265376,0.011832958386210953
train,long,159441,LR,0.1774592267365919,0.0574727377909628,0.1199864889456291,0.9634487515303144,0.008761081743338487
train,long,160123,LR,0.21366674013953726,0.09884398015386339,0.11482275998567386,0.9611295047578479,0.008915292830237285
train,long,160729,LR,0.17335896069737022,0.0440390960884505,0.12931986460891973,0.9623074958545241,0.009749172921358015
train,long,161327,LR,0.22596677710591867,0.06136158219836458,0.16460519490755407,0.973952158990529,0.008568974680111882
train,long,161731,LR,0.2059922046247477,0.05974106213031221,0.1462511424944355,0.9709882321598932,0.00849058822694685
train,long,161832,LR,0.23370253299039315,0.11201036333989642,0.1216921696504967,0.9585803181448507,0.010068343226576335
train,long,162026,LR,0.16383605542300334,0.04117505512904394,0.1226610002939594,0.9607857237504941,0.009606983624790401
train,long,162733,LR,0.15678608111760545,0.04947708147569658,0.10730899964190886,0.9605427721685813,0.008460801886948812
train,long,162935,LR,0.18485830789726973,0.04399784078002851,0.14086046711724123,0.9652160449811514,0.009804185171776936
train,long,163129,LR,0.17370162481900278,0.07423154805773832,0.09947007676126446,0.959617630886334,0.007991331863640925
train,long,163331,LR,0.21422827914282774,0.09878767717613252,0.11544060196669523,0.9622778180133881,0.008708004142188707
train,long,163432,LR,0.15600909989911718,0.04446450094157323,0.11154459895754394,0.9615355139934557,0.008571200612286271
train,long,163836,LR,0.16848329609184418,0.04860846675250096,0.11987482933934321,0.9625896704378692,0.008967169862168754
train,long,164030,LR,0.2029132455337138,0.03988366756142529,0.16302957797228848,0.9697200798926936,0.009866683872736887
train,long,164131,LR,0.1715748966945904,0.03340371710529056,0.1381711795892998,0.966735744504548,0.00919500048561005
train,long,164636,LR,0.15416208019613734,0.029702943809683562,0.12445913638645376,0.9617534009301492,0.009513616820680616
train,long,165032,LR,0.18755304260731354,0.07568985543127443,0.11186318717603909,0.9609036348677246,0.008759934627767592
train,long,165840,LR,0.2525683218207559,0.12010318082927439,0.1324651409914815,0.963547508745932,0.009665323871305243
train,long,167036,LR,0.19889052436893948,0.05354819300782735,0.1453423313611121,0.9646320060645662,0.010269950048335627
train,long,167238,LR,0.22049073779731415,0.07074467880545653,0.14974605899185764,0.9644864892952547,0.01061757336775267
train,long,167440,LR,0.19775260545986065,0.0813384245360357,0.11641418092382493,0.9635292531305568,0.008492446271309559
train,long,168240,LR,0.18600208168677074,0.059750138839014866,0.12625194284775587,0.9600061022685196,0.010081894744233265
train,long,168341,LR,0.22177584514014795,0.05496155957744682,0.16681428556270114,0.9668959874943007,0.011062965213634667
train,long,168745,LR,0.1848551026218163,0.03520132433818553,0.14965377828363075,0.9631212436502865,0.010980195950819133
train,long,168947,LR,0.16537878009010976,0.04342310814872731,0.12195567194138245,0.9595688137731757,0.009851998003599947
train,long,169040,LR,0.1717972148840807,0.05514095987674413,0.11665625500733655,0.9573386944718989,0.009926673516600648
train,long,169444,LR,0.14181593269242243,0.035648043128675776,0.10616788956374665,0.9588199955143943,0.008732350221069943
train,long,169545,LR,0.19491417103531516,0.056230668308785946,0.13868350272652924,0.9569310308042748,0.011951953619978263
train,long,170631,LR,0.33392677695404743,0.21988426611438042,0.1140425108396671,0.955901722409347,0.010064145823425933
train,long,171330,LR,0.1692087954405408,0.038918819089304967,0.13028997635123582,0.9651014081691802,0.009100090550128379
train,long,171431,LR,0.14831875228205246,0.034473622023148416,0.11384513025890404,0.9603955734715125,0.009017411988456046
train,long,171532,LR,0.14981147818468546,0.045982630341897465,0.103828847842788,0.9583292127898924,0.008640108288068993
train,long,172029,LR,0.17682282826439158,0.06379689720608002,0.11302593105831156,0.959813989170966,0.009080969562111772
train,long,172433,LR,0.17949383793905302,0.04253124460176836,0.1369625933372847,0.9677389490438879,0.008843902431134764
train,long,172534,LR,0.18305978805805678,0.0749697747303103,0.10809001332774648,0.956837188731906,0.009306737605971435
train,long,172635,LR,0.1785807405231567,0.061546006240072504,0.11703473428308422,0.9595095147003913,0.00948305314451414
train,long,172938,LR,0.16311590713214455,0.04359532997434868,0.11952057715779583,0.962873044973046,0.008865697021392054
train,long,173536,LR,0.1884736762199461,0.06183295562088469,0.1266407205990614,0.9605303455539387,0.009981585458724835
train,long,173637,LR,0.1776873367445372,0.028067739886785733,0.1496195968577515,0.9631431838473122,0.011035379493946985
train,long,173738,LR,0.3141574196858033,0.17776204933070602,0.13639537035509733,0.9613434682003016,0.010553752732353337
train,long,173839,LR,0.17464860159502807,0.0416133048636859,0.13303529673134218,0.9645907000154171,0.009404217532119622
train,long,173940,LR,0.17835200513962854,0.04850306831304877,0.12984893682657977,0.9612595897238857,0.010066699649681776
train,long,174437,LR,0.17587524768197205,0.07502669647921267,0.10084855120275937,0.9556107571608725,0.008945812876818749
train,long,174841,LR,0.15920623419270638,0.04474356869328181,0.11446266549942458,0.9565131013774518,0.00995026184323726
train,long,175035,LR,0.18631155847083952,0.0640537356713741,0.1222578227994654,0.9608449748730654,0.00956497542389477
train,long,175338,LR,0.18779818380730162,0.048198546010603575,0.13959963779669807,0.9613397653220705,0.01080060987043869
train,long,175439,LR,0.15918730410859167,0.04418508387012906,0.11500222023846263,0.9639570607459896,0.008270168338585597
train,long,175742,LR,0.17302557097051502,0.06541374908176972,0.1076118218887453,0.9549254318612264,0.009688232816246874
train,long,176239,LR,0.18197855120590534,0.052131337087688086,0.12984721411821726,0.9630076886352207,0.0095881942952803
train,long,176441,LR,0.19641763064367607,0.04890622662436807,0.14751140401930798,0.9668839906883112,0.009784396443486663
train,long,176542,LR,0.1555330084349387,0.041588774290760494,0.11394423414417819,0.9649819099616701,0.007975202912379516
train,long,176744,LR,0.1373943380449437,0.03358192893907788,0.10381240910586581,0.9534777767920121,0.009636209868996057
train,long,177241,LR,0.25283484243939414,0.10913615080804863,0.1436986916313455,0.9663863548412518,0.009667046870022098
train,long,177645,LR,0.19122964769742082,0.07149136023609162,0.1197382874613292,0.9583935636924588,0.009968658527361568
train,long,177746,LR,0.16304428754936334,0.03859267535662874,0.1244516121927346,0.963186275328723,0.009165586341452661
train,long,178647,LR,0.16257520001467185,0.05089556478907788,0.11167963522559397,0.9616764396078444,0.00856336410033884
train,long,178748,LR,0.18565533608681734,0.036648375716222606,0.14900696037059472,0.961418843592552,0.011488828764280172
train,long,178849,LR,0.22113072478517642,0.07962513356227106,0.14150559122290535,0.9640538072607787,0.010158720733926355
train,long,178950,LR,0.16713091397689628,0.04780362412451276,0.11932728985238354,0.9614934462379153,0.009178945598052005
train,long,179245,LR,0.18254453213724373,0.043510917648501256,0.13903361448874246,0.9662232888138067,0.009397061021279815
train,long,179346,LR,0.22522890878486715,0.048680437154275974,0.1765484716305912,0.96756794416706,0.011475888856911007
train,long,179952,LR,0.18475446608196064,0.045562083504125765,0.13919238257783487,0.9679660016150382,0.008916750090639006
train,long,180533,LR,0.13592699010752896,0.03447755225703139,0.10144943785049756,0.9576815294866202,0.008579321635847039
train,long,180735,LR,0.22801995623429078,0.04700931901121284,0.18101063722307792,0.9707036279549931,0.010611621678456721
train,long,180937,LR,0.17497507221523192,0.030796197451633974,0.14417887476359795,0.9672897735881736,0.00943359278535162
train,long,181636,LR,0.17986381506529978,0.06047418195439234,0.11938963311090743,0.9623861585407363,0.008973363318097621
train,long,182032,LR,0.21694472226411957,0.04939114944595197,0.1675535728181676,0.9724890730559483,0.009226930025067599
train,long,182436,LR,0.22129287918822416,0.0934860072164912,0.12780687197173296,0.9664734453875719,0.008568918561351698
train,long,183034,LR,0.15559243476657056,0.03314414846747537,0.12244828629909522,0.9639666787966908,0.008818220751722134
train,long,183337,LR,0.19731747025799637,0.057492083215074034,0.13982538704292233,0.9668540124757901,0.009258676069600374
train,long,183741,LR,0.14856699964011727,0.03990044286657065,0.10866655677354663,0.9579492729179612,0.009138513212668033
train,long,185139,LR,0.19809328879233887,0.04304233635565999,0.1550509524366789,0.9662892467729113,0.010463993918453566
train,long,185442,LR,0.18202778521391186,0.03684981528442025,0.14517796992949158,0.96430682047307,0.010351701948865059
train,long,185947,LR,0.15678800247637298,0.04712520859333871,0.10966279388303428,0.9594050968761215,0.008888100120101005
train,long,186141,LR,0.18102551660196264,0.04316241238921934,0.1378631042127433,0.964780290747816,0.009708561713438684
train,long,186444,LR,0.20640548181937657,0.04681430078473534,0.15959118103464123,0.970559100795834,0.009397742901809227
train,long,187345,LR,0.20388146659120548,0.08292617737685318,0.1209552892143523,0.9647167420818432,0.008508102249891002
train,long,187547,LR,0.15266742440779552,0.04043679477751123,0.1122306296302843,0.9607240799211944,0.00881687452230905
train,long,187850,LR,0.1718066734975933,0.03288245316406823,0.13892422033352506,0.9641861753606151,0.00995616994556437
train,long,188347,LR,0.1655956056557017,0.04249690181332236,0.12309870384237931,0.9643654139999014,0.008761991892972318
train,long,188549,LR,0.16507211853840814,0.04325225292050969,0.12181986561789852,0.9619387460483156,0.009277897040262053
train,long,188751,LR,0.24808639777221253,0.1263556299275727,0.1217307678446398,0.9556813961539832,0.010790234821378177
train,long,189349,LR,0.20751156580885952,0.08117790203120524,0.1263336637776543,0.9617981966773659,0.009620022089981061
train,long,189450,LR,0.17555257202729765,0.04113999106832395,0.13441258095897368,0.9632097659928701,0.009886403604984512
train,long,189652,LR,0.1868337801123799,0.07753694400260522,0.1092968361097747,0.9560151133274912,0.009609097099751088
train,long,190031,LR,0.24832181614734464,0.1205730679820752,0.1277487481652694,0.9647119388545532,0.009001680612633518
train,long,191033,LR,0.20444349998119993,0.028156515242833424,0.17628698473836651,0.9724008772156659,0.009735009988187032
train,long,191235,LR,0.1661989770116237,0.04038589113515359,0.12581308587647014,0.9635562356210033,0.009166495104717936
train,long,191336,LR,0.2097391219054061,0.06581920986283198,0.14391991204257412,0.9654143883236032,0.009940322190086398
train,long,191841,LR,0.15680354233553792,0.03065496896871349,0.12614857336682445,0.9585367082620784,0.0104628048129241
train,long,191942,LR,0.180930696371674,0.047872956549210526,0.13305773982246347,0.9642855400243289,0.009499537123947806
train,long,192035,LR,0.2028942238210158,0.09003277482274927,0.11286144899826654,0.9592671970472761,0.009191155877876434
train,long,192237,LR,0.16685017257802262,0.06065316002320086,0.10619701255482174,0.957168187914696,0.009076629232186119
train,long,192439,LR,0.16220317237108825,0.03735888360309966,0.12484428876798857,0.956444227114511,0.010878351140649525
train,long,192540,LR,0.2422759008897848,0.12428625496968909,0.1179896459200957,0.9570054489492295,0.010145845292151913
train,long,192641,LR,0.18180706621397538,0.05534777337517673,0.12645929283879864,0.9621100456198757,0.009552828600967556
train,long,193239,LR,0.16620579491196924,0.04214753682410219,0.1240582580878671,0.9601943080399309,0.009877287836537964
train,long,193441,LR,0.2473456331211768,0.09632653153884814,0.15101910158232867,0.9643864219485335,0.010740081595124445
train,long,194140,LR,0.14199006447355675,0.03344251797645608,0.10854754649710066,0.9597214396201346,0.008739181260596172
train,long,194645,LR,0.17565748249854557,0.040362612560608885,0.13529486993793668,0.9613848534942374,0.01042596970527586
train,long,194746,LR,0.19568222144198605,0.05199539472674227,0.1436868267152438,0.9644086716354643,0.01021957296769414
train,long,194847,LR,0.16499417357859258,0.03514689669361353,0.12984727688497907,0.9599091333622034,0.010418247250477474
train,long,195041,LR,0.18885733798198706,0.0780840273405199,0.11077331064146718,0.9589903594462922,0.009088244285039928
train,long,195445,LR,0.19444252666166853,0.07337482780374555,0.12106769885792297,0.9552920829123972,0.01081064126238084
train,long,195647,LR,0.16948927000769642,0.04847151782952318,0.12101775217817326,0.9628869280929462,0.00897728949168055
train,long,196851,LR,0.2709326499596907,0.139504224386809,0.13142842557288162,0.9609267976118625,0.01023167225724163
train,long,196952,LR,0.17705262906369545,0.06558323649211076,0.11146939257158471,0.960186446867223,0.008874214686815476
train,long,197348,LR,0.16145474744633334,0.05382283983749029,0.10763190760884304,0.9603941436880918,0.008521504072265148
train,long,197550,LR,0.1917980485489035,0.07612449030351741,0.11567355824538608,0.959680182561944,0.009320396384538281
train,long,198047,LR,0.24251929400427955,0.13482110685723167,0.10769818714704786,0.9610276054350518,0.008387246000520585
train,long,198249,LR,0.2081513942257812,0.07515897768786278,0.13299241653791843,0.9646710213461624,0.009399241703843562
train,long,198350,LR,0.3577304645585429,0.21429962151646204,0.14343084304208092,0.9658733214236561,0.009774822682220227
train,long,198451,LR,0.17500034340021658,0.0538384910995407,0.1211618523006759,0.9601236255209726,0.009655688661037453
train,long,198653,LR,0.1535479804245148,0.046187371638802606,0.10736060878571223,0.9558105615882997,0.00948164963302701
train,long,198855,LR,0.1675687173750503,0.03409473451160111,0.1334739828634492,0.9624960183851319,0.010019618353788767
train,long,199150,LR,0.23699616332841433,0.06415792134053067,0.1728382419878837,0.9570426225949554,0.014851142219900932
train,long,199251,LR,0.14136830983519957,0.03521276180477305,0.10615554803042654,0.9603342175764306,0.008411330686640045
train,long,199352,LR,0.1527480689777424,0.045928404433741764,0.10681966454400062,0.9573696843953795,0.009107839951254025
train,long,199453,LR,0.2577524442423449,0.12822896415206575,0.12952348009027917,0.9612832301590116,0.01002892906341578
train,long,199655,LR,0.1723606057926688,0.047439792530692304,0.12492081326197649,0.9653515387593978,0.008642616131787547
train,long,199958,LR,0.26057706143447,0.10747895996385083,0.1530981014706192,0.9582923198627008,0.012776781431675701
train,long,200008,LR,0.14671583735595906,0.031855544045580934,0.11486029331037811,0.9608465116823574,0.008984984165868227
train,long,200109,LR,0.12349336875129656,0.02887783909483744,0.0946155296564591,0.9533260389059982,0.008826383166220171
train,long,200311,LR,0.15461633710310044,0.051286574812136665,0.10332976229096379,0.9578854026125909,0.008698723183589855
train,long,200614,LR,0.1916102553545168,0.08614870979030785,0.10546154556420897,0.9622927732940874,0.007925137418772554
train,long,200917,LR,0.1562000260069219,0.047806647334170456,0.10839337867275142,0.9597285561991098,0.008732683346640381
train,long,201111,LR,0.204887548404578,0.03596003114935202,0.16892751725522598,0.9696909909101288,0.010252988401909281
train,long,201414,LR,0.1764926339452451,0.05111334723887241,0.12537928670637266,0.9630172006315444,0.00926421867737081
train,long,201515,LR,0.2033057714911821,0.08496631074228725,0.11833946074889481,0.9561559569603675,0.010375092024985783
train,long,202113,LR,0.18074235028988248,0.042458927631234766,0.13828342265864768,0.9636585505147096,0.010051754918084499
train,long,203923,LR,0.22464551717897946,0.11323592593277489,0.11140959124620456,0.9612772467729568,0.008587113286112774
train,long,204218,LR,0.17425018502482587,0.056988036349290824,0.11726214867553506,0.95998606130456,0.00937800517017862
train,long,205119,LR,0.18305976547383457,0.05273753486357124,0.13032223061026332,0.9662670324099993,0.008798716004668684
train,long,205725,LR,0.15434167436710586,0.054028971965757934,0.10031270240134793,0.9611096904630978,0.007790889248855186
train,long,205826,LR,0.19570169324266676,0.06703759928258037,0.12866409396008638,0.9618093214222277,0.009826394495304607
train,long,206323,LR,0.1927742323628829,0.07838848404302029,0.11438574831986262,0.9614843162647527,0.008807413149590146
train,long,206828,LR,0.21218075059269023,0.09468192800424065,0.11749882258844958,0.9562254723154753,0.010289120669481419
train,long,207123,LR,0.22364137903027814,0.10812832748745316,0.11551305154282501,0.960648732157361,0.009056526047130026
train,long,208024,LR,0.1586753919131122,0.025521593435606175,0.13315379847750605,0.960308889009089,0.01057794404511892
train,long,208428,LR,0.19474698494762152,0.06048628412210548,0.13426070082551606,0.958841042161691,0.011050725304980032
train,long,209127,LR,0.15860136812448794,0.043864378571420067,0.1147369895530679,0.960571816518093,0.009036084636804647
train,long,209228,LR,0.1732827525860239,0.0341399967399557,0.1391427558460682,0.9613260220563478,0.010767733859094332
train,long,209329,LR,0.1779868401109737,0.05284368743144097,0.12514315267953277,0.9654389312554548,0.008643281013452528
train,long,209834,LR,0.1642421556738488,0.04775382243455501,0.11648833323929378,0.9587608551869201,0.009600651363021327
train,long,209935,LR,0.20380040676503033,0.07006766850343507,0.13373273826159526,0.9623491221694568,0.010074001269807743
train,long,210011,LR,0.16729767659823783,0.03986061326506127,0.12743706333317656,0.9600486106257892,0.01017822301289718
train,long,210112,LR,0.18510817158583368,0.06666375725691023,0.1184444143289235,0.9587245128457003,0.009773455764149187
train,long,210415,LR,0.2510277110035076,0.11135468831260671,0.13967302269090093,0.9684919032684899,0.008807557671561063
train,long,211114,LR,0.19012074761648737,0.05705526020283945,0.13306548741364793,0.9608202856277055,0.01043664430705372
train,long,211316,LR,0.22254824341978802,0.10308734330616341,0.1194609001136246,0.9580891400990956,0.009997278178193344
train,long,211922,LR,0.17864783989259553,0.0509714429129108,0.1276763969796847,0.9606804716039989,0.010035405620909968
train,long,212217,LR,0.16055080484279385,0.055409160579965595,0.1051416442628283,0.9580451112383505,0.008820100127802202
train,long,212318,LR,0.15093128291519223,0.04154866865726547,0.10938261425792677,0.9596390430559816,0.008828252418445618
train,long,212419,LR,0.16178349535285586,0.023092537683680938,0.13869095766917489,0.9663864458872325,0.009309206152413927
train,long,213522,LR,0.1720519907602793,0.05298854026951835,0.11906345049076092,0.9602385933794652,0.009470743928536689
train,long,214221,LR,0.17055417443446025,0.039633189085851804,0.13092098534860844,0.963218215773101,0.009623466953321922
train,long,214423,LR,0.2458104600605193,0.1297954649283862,0.11601499513213312,0.9618707381667486,0.008845670176943989
train,long,214625,LR,0.16855540241662423,0.05818920389228868,0.11036619852433553,0.956872509679687,0.009517553382578679
train,long,214726,LR,0.19491526063336104,0.03790359912332444,0.1570116615100366,0.9686573463084025,0.009838343062556171
train,long,217429,LR,0.18067914416689349,0.06694960186440901,0.11372954230248444,0.9596991393678184,0.009151636698650644
train,long,219231,LR,0.16238997550304365,0.048833665496966404,0.11355631000607722,0.9593168227508465,0.009243185480404249
train,long,220721,LR,0.17082356421333098,0.03144451888819935,0.13937904532513162,0.9611007181105097,0.010841741644074844
train,long,221319,LR,0.17384518525487683,0.06623777916326205,0.10760740609161479,0.958031430850462,0.009023853383035603
train,long,223929,LR,0.2749757332223537,0.17160029501953117,0.10337543820282251,0.9556372728966567,0.009160973529041784
train,long,227432,LR,0.21543554239526053,0.09436770984303083,0.12106783255222972,0.9631363865967395,0.00892666124708671
train,long,227533,LR,0.1788435971925234,0.06183745321293488,0.11700614397958854,0.9592460768779736,0.009531531843085557
train,long,228434,LR,0.2809454714127092,0.13694315586341343,0.14400231554929582,0.9705477795247971,0.00846755398148187
train,long,231928,LR,0.15275386856988343,0.04092691360790299,0.11182695496198043,0.9502258030946094,0.011128239881854395
train,long,233326,LR,0.23272643266784437,0.07760845933321278,0.1551179733346316,0.9713251785174751,0.00890438040591211
train,long,237334,LR,0.15884496360623512,0.041215148955362955,0.11762981465087215,0.9599662709008746,0.009415906358569424
train,long,238033,LR,0.14154233963943252,0.03886038606058254,0.10268195357884996,0.9595067868503314,0.008305817542889983
train,long,239944,LR,0.17882401902012038,0.07013011069155929,0.1086939083285611,0.9585052567521906,0.009008641690287766
train,long,245333,LR,0.17636999932193556,0.06584408313836257,0.11052591618357303,0.960670132317908,0.008682835770510901
train,long,248339,LR,0.17946697626427977,0.03034714140400521,0.14911983486027455,0.9624470804618459,0.01118812522438021
train,long,249947,LR,0.16628379082287234,0.04131335172866352,0.12497043909420882,0.9627668416684467,0.009311481926744084
train,long,250427,LR,0.1682243939756037,0.06326086318947188,0.10496353078613184,0.960735830207159,0.008239360524984555
train,long,251833,LR,0.18107406078405572,0.0378195259861068,0.1432545347979489,0.9637946186793324,0.010380594173539549
train,long,255740,LR,0.2057985159490917,0.09471575971374989,0.11108275623534182,0.9608291917969831,0.00869982863261378
train,long,256540,LR,0.19008287918704922,0.06777349731362617,0.12230938187342306,0.9618715944967569,0.009311672658113244
train,long,257542,LR,0.18284911755903158,0.07062411912262889,0.11222499843640264,0.959270115428214,0.009135024743154729
train,long,257845,LR,0.23016699170902388,0.09724438523029852,0.1329226064787254,0.9621261553249495,0.01007568930345734
train,long,263436,LR,0.16653156377128064,0.05448476894309527,0.11204679482818534,0.960540097639773,0.008844265714248751
train,long,268749,LR,0.175739981758116,0.05690045604836594,0.11883952570975005,0.959595825713188,0.009593603170028607
train,long,268850,LR,0.229645052648264,0.05849222050161109,0.1711528321466529,0.9720484928588198,0.009557830804439503
train,long,270332,LR,0.2237385437450439,0.05454697038305155,0.16919157336199242,0.9661183048851761,0.011467661887472193
train,long,274542,LR,0.15672033899012683,0.0329416680968036,0.12377867089332324,0.9600092785060372,0.009900993914916927
train,long,275645,LR,0.2633072748507165,0.0947956387410912,0.16851163610962525,0.9745262380699662,0.008590354217510606
train,long,280941,LR,0.1984326953721768,0.05772944159839551,0.1407032537737813,0.9650141953605417,0.00982753541724485
train,long,281135,LR,0.198988928541703,0.07837394997730084,0.12061497856440216,0.9607756353860663,0.009444030988909053
train,long,283543,LR,0.15619195628026034,0.0443092315494868,0.11188272473077353,0.9585718433646947,0.00926332262247824
train,long,284646,LR,0.16051618201098075,0.03581392073137312,0.12470226127960761,0.9593488788593169,0.010115694588775558
train,long,285446,LR,0.1761390146518652,0.06287689495148588,0.11326211970037929,0.9621018940831604,0.008572273161992145
train,long,286347,LR,0.17611011472409716,0.03900987128865383,0.13710024343544333,0.9608246192178672,0.010727069684474169
train,long,289555,LR,0.19733598845688946,0.035784616445792485,0.161551372011097,0.96294427647978,0.011978477945098655
train,long,290136,LR,0.1662026927047005,0.05811505869620798,0.10808763400849253,0.9587703024223675,0.008917705058833252
train,long,295146,LR,0.19757241257868777,0.08724168012260035,0.1103307324560874,0.9592640586007897,0.008979237186787732
train,long,297655,LR,0.21317699654596103,0.10537355229641128,0.10780344424954974,0.9577680235810292,0.009090457025009874
train,long,298051,LR,0.1888128482498173,0.053504650049020705,0.13530819820079656,0.9655013074089615,0.009326536391157816
train,long,298455,LR,0.1950789715576171,0.06923105047458582,0.12584792108303128,0.9654137078269084,0.008683136635457354
train,long,299154,LR,0.20605394345195072,0.03630079178166383,0.1697531516702869,0.9712480972076435,0.009758836198092527
train,long,299760,LR,0.14339699400038453,0.03850320442188493,0.1048937895784996,0.9566810859061858,0.009080590576382238
train,long,300719,LR,0.15367302236627198,0.04225907722847774,0.11141394513779423,0.9612502720490825,0.008634931100214707
train,long,304020,LR,0.20889481183834846,0.07233234287650683,0.13656246896184165,0.9639368541570971,0.009860803851074433
train,long,305830,LR,0.23552001956394084,0.11577409747802905,0.11974592208591177,0.9534113155697423,0.0111238315495514
train,long,308129,LR,0.21055674980276057,0.034768108682203175,0.17578864112055737,0.967583198897467,0.011369181893008945
train,long,309636,LR,0.151120669950446,0.039852216316967885,0.11126845363347813,0.9587766991609391,0.009164851342600016
train,long,310621,LR,0.15972396695712285,0.04252642940893387,0.11719753754818897,0.9596604213361197,0.009450064336342415
train,long,311320,LR,0.1534139774106364,0.0519685176430311,0.10144545976760529,0.9586594692358124,0.008376268102425182
train,long,314225,LR,0.25859284861941517,0.0632713082368127,0.19532154038260244,0.9713611936746692,0.011176243978864872
train,long,316835,LR,0.16331044590404817,0.053603693059506075,0.10970675284454208,0.9598098061341958,0.008820515587930804
train,long,317332,LR,0.20980561497535907,0.04936751845693376,0.1604380965184253,0.969717617874838,0.009723077952733916
train,long,318637,LR,0.258333897600209,0.1082747591491956,0.15005913845101332,0.9694012658195617,0.009174661048265833
train,long,321323,LR,0.1509177522645399,0.03232984298383816,0.11858790928070172,0.9625073035970094,0.008893607990245259
train,long,325129,LR,0.22443103855662222,0.12478794413437579,0.09964309442224642,0.9598122849556192,0.008006803988304351
train,long,329440,LR,0.17116101918678808,0.040226968138246506,0.13093405104854158,0.9648997996323723,0.009174508747994057
train,long,329844,LR,0.16746942158634184,0.039833226963581186,0.12763619462276063,0.9654844174158379,0.00881448945925426
train,long,334635,LR,0.19634792554089467,0.10191694163199864,0.09443098390889604,0.9553414636389106,0.008411094653451995
train,long,336841,LR,0.1795468587201114,0.04946861302650497,0.13007824569360638,0.9604434185206218,0.010287762074462458
train,long,341834,LR,0.16161461949856223,0.04692561628423431,0.11468900321432791,0.9628160092391319,0.008507515901635286
train,long,342129,LR,0.303566247758908,0.15687188733670715,0.1466943604222009,0.9672476766895562,0.009611939859521187
train,long,346945,LR,0.18411369554882245,0.06276780749346454,0.12134588805535791,0.9597170270636605,0.009763971645385096
train,long,348545,LR,0.17144499358761311,0.06122187848800763,0.11022311509960547,0.9546548525233423,0.00997676066066397
train,long,349244,LR,0.1662914980200856,0.03780738774725731,0.1284841102728283,0.9621882743842901,0.009720769495321179
train,long,350330,LR,0.1739666785116392,0.04542841300809544,0.12853826550354375,0.962294978626444,0.00967215944280022
train,long,353740,LR,0.1637840294490957,0.026762404585878415,0.13702162486321728,0.963808461821301,0.00987235490873663
train,long,355239,LR,0.14065208668930265,0.03853178346449405,0.10212030322480858,0.9576341374661664,0.008646905799385454
train,long,358144,LR,0.19314933959452127,0.04696727230435625,0.146182067290165,0.9662233961468563,0.009866750281949074
train,long,360030,LR,0.15437826583506287,0.041340400119457575,0.1130378657156053,0.9605019982960852,0.008927091638782417
train,long,365343,LR,0.12657975001815394,0.028594231470027192,0.09798551854812675,0.9569197580305459,0.008436643354261806
train,long,366042,LR,0.15443700152571482,0.04910287745234505,0.10533412407336977,0.9607191404637576,0.008250372651089544
train,long,366446,LR,0.25891185138947376,0.05762254370915418,0.2012893076803196,0.9733988105754084,0.010713588786758441
train,long,368551,LR,0.18840647108484088,0.07048323616065803,0.11792323492418282,0.9608309317878623,0.00922404272264558
train,long,368753,LR,0.14536021394692164,0.0398438471701416,0.10551636677678004,0.9586279086825691,0.008703754589447466
train,long,377451,LR,0.23362497092865653,0.08949202165132443,0.1441329492773321,0.9699879017418943,0.008639000416914571
train,long,378756,LR,0.17054673471324347,0.06085290469303577,0.1096938300202077,0.9601254381820868,0.00871773334738892
train,long,378857,LR,0.18622869444982051,0.04670013086537977,0.1395285635844408,0.9655231620299719,0.009620451807973171
train,long,379657,LR,0.21757296375781868,0.06671152894637894,0.15086143481143974,0.9644607535809896,0.010698483847615925
train,long,381543,LR,0.19351959434125188,0.05931778493614218,0.1342018094051097,0.970185736639631,0.008008570433135291
train,long,382242,LR,0.15518001463768447,0.04913464593102106,0.10604536870666338,0.9565640256305499,0.009199139890240701
train,long,385046,LR,0.2022321798636963,0.08620321157072049,0.11602896829297576,0.9572625825342673,0.009911579440934737
train,long,385450,LR,0.19782475322222481,0.04868550629246885,0.14913924692975597,0.9676314456261559,0.009644512862506383
train,long,386250,LR,0.16884873869894199,0.049282508493800004,0.11956623020514201,0.9575437665409716,0.01015333792181671
train,long,389357,LR,0.16299211407315614,0.05458308091148918,0.10840903316166692,0.9591142191934745,0.008856095547491871
train,long,390645,LR,0.1882419455299788,0.05245285807331471,0.13578908745666413,0.9674244081534323,0.008841653716995326
train,long,391748,LR,0.22236258115467464,0.10599709910681694,0.11636548204785772,0.9582324037239219,0.009712184927015767
train,long,392750,LR,0.19858156358530402,0.07699702713017872,0.12158453645512529,0.9589102483266233,0.009992135220423396
train,long,393550,LR,0.19520411780363087,0.08512702976916968,0.11007708803446117,0.9596812457784656,0.008858911881869618
train,long,395251,LR,0.13107373934581573,0.03852980597796833,0.09254393336784737,0.9559601889156554,0.00814913136806224
train,long,395756,LR,0.15092586025353566,0.03837206805312115,0.1125537922004145,0.9615778089832038,0.008625140878280398
train,long,397154,LR,0.18762557062897892,0.06736104711577998,0.12026452351319893,0.9599687803093476,0.009624757150128168
train,long,397760,LR,0.14990413734358943,0.035188192550880515,0.11471594479270891,0.964323140799554,0.008187871158148516
train,long,401422,LR,0.13732471961079523,0.03455533933716954,0.10276938027362571,0.9604269017259592,0.008135660667023006
train,long,406432,LR,0.17625420633777167,0.0555996109862372,0.12065459535153447,0.9559366378124896,0.010637497252892082
train,long,406836,LR,0.15372302170659755,0.050226430140496124,0.10349659156610146,0.9538764136247614,0.0095381635483296
train,long,412528,LR,0.15003713609664632,0.043275367650060494,0.10676176844658579,0.9581135871604138,0.008945035852168022
train,long,413934,LR,0.16148098749142473,0.036258361230376505,0.12522262626104824,0.9597383798532676,0.010045994056770712
train,long,419239,LR,0.14801338288590898,0.058429476200430965,0.08958390668547804,0.9573214348758113,0.007641631599383241
train,long,421226,LR,0.17571101134523473,0.05903677298789166,0.11667423835734307,0.9595251968995953,0.009429595650054015
train,long,424939,LR,0.19296061574751164,0.0905383092105625,0.10242230653694914,0.9537779585008838,0.009472526737395784
train,long,432332,LR,0.185198568385064,0.0499439482314404,0.13525462015362358,0.9624427693568413,0.010144138000999788
train,long,436239,LR,0.18477644880714034,0.06981532136580261,0.1149611274413377,0.9585311643311738,0.00953058715001292
train,long,436845,LR,0.17356011698799406,0.03900509678714198,0.13455502020085205,0.9632558137394328,0.009899518481497378
train,long,441939,LR,0.18437569377298973,0.034964994579002186,0.14941069919398756,0.9673823103371834,0.009740808750298518
train,long,445543,LR,0.21207667146135672,0.03833087956208824,0.17374579189926848,0.9663159260364547,0.01171574175271534
train,long,448347,LR,0.19997275281374885,0.07556371081320903,0.12440904200053983,0.966226312951609,0.008372316647471088
train,long,449753,LR,0.2999814808774332,0.17542728201653673,0.12455419886089647,0.9597801300906237,0.010021928351499116
train,long,453441,LR,0.23259413575687113,0.14098106748235145,0.0916130682745197,0.9564702072739373,0.007957462712288088
train,long,453542,LR,0.15999949104665376,0.05530242955972,0.10469706148693372,0.9594736139834462,0.00848506092155204
train,long,454140,LR,0.1548503933688433,0.04323875584816728,0.11161163752067599,0.960522500140753,0.008785426579675445
train,long,459453,LR,0.22482448027325952,0.10218877830942402,0.1226357019638355,0.960280286552628,0.009739813156491396
train,long,461743,LR,0.19568369793155702,0.07780218999325607,0.11788150793830095,0.9582603490387877,0.009836803026715158
train,long,463040,LR,0.1555388982301444,0.03454019349155109,0.12099870473859337,0.962726105459569,0.009018889594815064
train,long,465852,LR,0.17362257759926952,0.06894153168567864,0.10468104591359087,0.9595985989923937,0.00845692760302564
train,long,467351,LR,0.1906590082700523,0.08575328961572726,0.10490571865432503,0.963466251014657,0.00766394326553805
train,long,468050,LR,0.17488296333090295,0.060542694718095244,0.11434026861280772,0.9629881660215286,0.008471855428840788
train,long,473952,LR,0.20612593295384768,0.064879201911193,0.14124673104265464,0.9610591763947329,0.01101003248569903
train,long,475855,LR,0.17606711107986733,0.0524007246221453,0.12366638645772204,0.9641924066868279,0.008859298028494632
train,long,479762,LR,0.1688827755046246,0.04597137476376421,0.1229114007408604,0.9585707416982926,0.010180489130884061
train,long,480141,LR,0.24022287312168317,0.117938821916797,0.12228405120488618,0.9574798854135994,0.010387295347127895
train,long,481951,LR,0.22094330467020776,0.07236012051898737,0.1485831841512204,0.9653986783029498,0.010256021789512727
train,long,486759,LR,0.1739177569615717,0.037010070634541294,0.1369076863270304,0.9666195743378605,0.009136464744216767
train,long,492754,LR,0.14916858358510968,0.04489862719973183,0.10426995638537784,0.9600776839781019,0.008316729280820567
train,long,495255,LR,0.3613149811638416,0.06655247532672345,0.2947625058371181,0.9834473719016539,0.009759251108947618
train,long,497865,LR,0.2408045353536838,0.09354225291671323,0.1472622824369706,0.9596596264364694,0.0118630463553505
train,long,500222,LR,0.1876604341013921,0.05838168040412944,0.12927875369726266,0.9613022809737903,0.010009386660509722
train,long,510326,LR,0.1523397478491893,0.039795581284171495,0.11254416656501781,0.9568911088299719,0.00968040004466169
train,long,512835,LR,0.15799852321399196,0.03405250173047336,0.1239460214835186,0.963456133771515,0.00905511629201858
train,long,513130,LR,0.14502817853151612,0.03975511281559465,0.10527306571592147,0.9593932958842645,0.008543729573349876
train,long,513736,LR,0.16001802437517718,0.043639291885354536,0.11637873248982267,0.9626680053118711,0.008676012302888938
train,long,516742,LR,0.15975497386894452,0.04085592233018105,0.11889905153876344,0.9611549388894667,0.009220053284874205
train,long,518746,LR,0.17986289262858027,0.04776210677001953,0.13210078585856072,0.9631522388436989,0.009733581696674357
train,long,519647,LR,0.19643967775861867,0.03949312625059855,0.15694655150802012,0.9719090004513293,0.008811261493725976
train,long,520228,LR,0.1881671831721149,0.07713529560499538,0.11103188756711949,0.9577770684810601,0.00937959279710969
train,long,522434,LR,0.1678709971449986,0.045719243706433106,0.12215175343856549,0.960761721934417,0.00958926276042121
train,long,523032,LR,0.21012712920201393,0.0972830279889897,0.11284410121302421,0.9545555347298382,0.01024744708936609
train,long,529549,LR,0.19344318963723905,0.04908021533715268,0.14436297430008638,0.9692682300053528,0.008865101780754297
train,long,529953,LR,0.23936997938909685,0.0920128633121696,0.14735711607692728,0.9674745163968558,0.009588103155997467
train,long,530635,LR,0.1788533899951219,0.07008325179499622,0.10877013820012565,0.9592359485158278,0.008866853918374143
train,long,531536,LR,0.19663938988711407,0.04039796276926692,0.15624142711784714,0.9659471184994701,0.0106428390759869
train,long,536647,LR,0.19196565484906378,0.06154203364547118,0.13042362120359266,0.9602231663631225,0.010380997977280195
train,long,540436,LR,0.23076928286514842,0.1165489761595491,0.11422030670559935,0.9596270445036651,0.00919696323790191
train,long,541640,LR,0.15933556080433336,0.03783873438640655,0.12149682641792679,0.9624500325318035,0.009120077740130217
train,long,541943,LR,0.18903472485008935,0.054888589591214405,0.13414613525887495,0.9629567891570563,0.009945293850685032
train,long,545345,LR,0.19494552307281926,0.06324256651229694,0.1317029565605223,0.9589812401409928,0.010800081322662407
train,long,547046,LR,0.1763331507300366,0.0452303196069452,0.13110283112309143,0.9600150104428826,0.010473417404764483
train,long,548250,LR,0.16903628264243564,0.05793414417523495,0.11110213846720071,0.9570788345155644,0.009530976232513968
train,long,550439,LR,0.15109905117098332,0.0383943977616492,0.11270465340933414,0.958425219175224,0.009370905536385195
train,long,552241,LR,0.2193731772025011,0.055107470438890395,0.16426570676361074,0.9646301299233345,0.011619443544618335
train,long,555348,LR,0.17829999719994136,0.05206097227067275,0.12623902492926858,0.9662704434646886,0.008520131967402774
train,long,555651,LR,0.1978729697025261,0.08011585459258688,0.11775711510993919,0.957920891494148,0.009896751047761882
train,long,555954,LR,0.17083408867401692,0.04065807180727372,0.1301760168667432,0.9623268164404547,0.009813117594645263
train,long,558657,LR,0.15195958175415777,0.029730907992828296,0.12222867376132945,0.9644630015499327,0.008697113231837366
train,long,558960,LR,0.16129872411053253,0.04059137801173042,0.12070734609880211,0.9599547921468394,0.009670562051459152
train,long,559053,LR,0.13837683412710375,0.036385153323701507,0.10199168080340222,0.9600800628856913,0.00813318328290349
train,long,561242,LR,0.17522592001760617,0.04278326882353528,0.13244265119407092,0.9622006105282223,0.010016113517554548
train,long,562345,LR,0.2283027184347594,0.11643767665526375,0.1118650417794956,0.958215325166557,0.009335409980427445
train,long,562446,LR,0.17126418972701435,0.05123687305419659,0.12002731667281778,0.9561018732966957,0.010539020365190634
train,long,565452,LR,0.22581293277640532,0.10877306669578804,0.11703986608061728,0.9615015769051254,0.00901130640461402
train,long,566454,LR,0.18107977259669217,0.06785893317080686,0.11322083942588532,0.9594359447657829,0.009176146405312183
train,long,567052,LR,0.1667140292441969,0.042276961047062286,0.12443706819713463,0.9611385013806606,0.00965981458181446
train,long,567961,LR,0.16522075764596333,0.06203473897410983,0.10318601867185352,0.95839633222849,0.008586166042567055
train,long,568963,LR,0.15014502101207705,0.036887786803917647,0.11325723420815943,0.9592981704502036,0.009221853267692242
train,long,570243,LR,0.17584272373737006,0.06037412327362419,0.11546860046374585,0.9582158458259521,0.009645157025831247
train,long,571548,LR,0.16762580504369679,0.0549847793254289,0.11264102571826787,0.9617425848229725,0.008615846021056065
train,long,572045,LR,0.14964676477186192,0.043808438656793194,0.10583832611506874,0.9598432366902022,0.008487567361387113
train,long,573249,LR,0.1678127665359597,0.05168617350411731,0.11612659303184236,0.9613068186266418,0.008986405764554376
train,long,573451,LR,0.23173736398553008,0.09427888032946409,0.137458483656066,0.9673308455454539,0.00898400079631109
train,long,576255,LR,0.15268890736221102,0.04713329113137611,0.10555561623083493,0.9595887893366508,0.00852553683456896
train,long,578158,LR,0.20530803076282886,0.06265788800216526,0.1426501427606636,0.96595726156999,0.00971271309837589
train,long,579665,LR,0.1973952821493415,0.08407705203671775,0.11331823011262374,0.9611826747857695,0.00878354294024228
train,long,579867,LR,0.16673779425295113,0.05157960949092914,0.115158184762022,0.9608730697366089,0.009005426475695041
train,long,580044,LR,0.1750111221866967,0.04310207316393044,0.13190904902276626,0.9611485840776474,0.010231541687801115
train,long,580347,LR,0.17599272963460494,0.049690799922977105,0.12630192971162785,0.9614184598134021,0.009741531054516047
train,long,581349,LR,0.2579761143361427,0.13444005861436878,0.12353605572177394,0.9615310651594935,0.009467698157140984
train,long,583858,LR,0.1796073208945218,0.04810063537504134,0.13150668551948044,0.9613084887617359,0.01017288721134943
train,long,586460,LR,0.18381420170522453,0.05428653261649549,0.12952766908872906,0.9627634089249104,0.00964280874220555
train,long,587664,LR,0.23264967059452676,0.08966323616963866,0.14298643442488812,0.960435088771389,0.011299426686830575
train,long,588565,LR,0.17728647584865773,0.04812793023063427,0.12915854561802345,0.9658173865025639,0.008810950043837341
train,long,589567,LR,0.22930058264370218,0.07076974851992737,0.15853083412377478,0.9682206129590307,0.010068959031554308
train,long,590047,LR,0.1471728730300542,0.03676486330189609,0.11040800972815809,0.9558858013875011,0.009735003282044822
train,long,592455,LR,0.20087993295669052,0.09080090313777547,0.11007902981891501,0.9585146874609914,0.009126194163143182
train,long,594156,LR,0.18808128146168143,0.07633195334081608,0.11174932812086535,0.9588624302676242,0.009176255093517167
train,long,598568,LR,0.2790173133337028,0.15885296207404143,0.12016435125966135,0.9625560592596253,0.008975186991469862
train,long,599065,LR,0.18535720703579248,0.06705769843007296,0.11829950860571953,0.9571433586053597,0.010126381319923935
train,long,599469,LR,0.1962696786695057,0.0878497898514984,0.10841988881800732,0.960429397068753,0.008558193202597928
train,long,599671,LR,0.29053639442302576,0.06445771139978783,0.22607868302323791,0.9761760577295953,0.010792840506185203
train,long,601127,LR,0.21480027562770407,0.06219864259596829,0.15260163303173577,0.9650217373230858,0.010673298064752748
train,long,604537,LR,0.1544787288105496,0.03542161411857108,0.11905711469197852,0.9597623402735848,0.009582491043866263
train,long,609143,LR,0.16802840440474387,0.042307197272262495,0.12572120713248136,0.9650295627084399,0.008785095922786004
train,long,611938,LR,0.19685609846543273,0.033528480016541386,0.16332761844889132,0.9671383420095745,0.010738479050475374
train,long,613538,LR,0.1716287099407001,0.03862005791816765,0.1330086520225324,0.9640630245512103,0.009559741703938435
train,long,615441,LR,0.1986368421374745,0.03848964203407936,0.16014720010339517,0.9714128109688985,0.009159050825787912
train,long,615744,LR,0.18691523822134817,0.05288318579664762,0.1340320524247006,0.9613625238877079,0.01034409819834764
train,long,617748,LR,0.1750191409971182,0.05565488544191382,0.11936425555520437,0.9622610804774634,0.008989283693722273
train,long,618952,LR,0.2142536453148597,0.06934157789451631,0.1449120674203434,0.9673906778470768,0.009430668645733283
train,long,620434,LR,0.17341964672407625,0.06701445803206063,0.10640518869201562,0.9559818887351265,0.009357981144860014
train,long,622236,LR,0.17297891473681445,0.049473758787928555,0.1235051559488859,0.9632558888306952,0.009068544794789923
train,long,623844,LR,0.18112041078224195,0.03837933963964315,0.14274107114259882,0.9561633489049739,0.012500049475011854
train,long,626648,LR,0.16741329582314315,0.057207953541509725,0.11020534228163344,0.9611088343345552,0.008571618708249741
train,long,627549,LR,0.1876917595001282,0.05729927289496704,0.13039248660516117,0.9612434094256052,0.010097638018647371
train,long,633847,LR,0.18651991006809357,0.054477294929743895,0.1320426151383497,0.9659579331440529,0.008990257609489127
train,long,634748,LR,0.16844466768876185,0.030751631673665743,0.1376930360150961,0.9668066580453414,0.009139419841186927
train,long,635245,LR,0.18025120418736904,0.04318853317552119,0.1370626710118478,0.9635922201334287,0.009971074934457673
train,long,644044,LR,0.1639353060251046,0.05975175303394185,0.10418355299116272,0.9605057313856186,0.008226561176128062
train,long,644246,LR,0.18041362269935318,0.06871996462089927,0.11169365807845391,0.9587728358472593,0.009195728930782363
train,long,645551,LR,0.15572058444863449,0.0422463777250584,0.11347420672357611,0.9572115771313101,0.009684387112662665
train,long,647858,LR,0.17880302885046193,0.05469940245240838,0.12410362639805356,0.9610766141719038,0.00965367409612343
train,long,654350,LR,0.1607352151869323,0.03964217350129316,0.12109304168563914,0.962756256229574,0.00902627419470483
train,long,654552,LR,0.19741702695758737,0.07450364839122643,0.12291337856636093,0.9609061947832311,0.009599361435921971
train,long,654754,LR,0.13963286105009598,0.023652485769000198,0.11598037528109578,0.9573554831392898,0.009883003330545941
train,long,656253,LR,0.19093661674169213,0.06502392015935918,0.12591269658233295,0.9611845564318928,0.009775669690659499
train,long,656657,LR,0.24688020992663592,0.11657562775311582,0.13030458217352012,0.9610583198496162,0.010109638445320882
train,long,663755,LR,0.19402955100688773,0.06105744363375527,0.13297210737313248,0.9647181929371548,0.009384608436681149
train,long,664757,LR,0.2776377684028945,0.0986592795552056,0.17897848884768885,0.9708452116366506,0.010371162351666496
train,long,667056,LR,0.15699349910570765,0.030428963107866514,0.12656453599784115,0.9603329257254863,0.010047689527293723
train,long,668361,LR,0.20529266173518426,0.07046098330992899,0.13483167842525526,0.9644377432655594,0.00960467725456876
train,long,671855,LR,0.1381349815987048,0.0315046013158941,0.10663038028281069,0.9575850022843189,0.00903845062172257
train,long,672756,LR,0.1611590153841618,0.02925662201398355,0.13190239337017828,0.9601613475203364,0.010522578888974005
train,long,673455,LR,0.1694738842545225,0.06004502406738023,0.10942886018714229,0.9613355542245955,0.008458218688373043
train,long,675661,LR,0.13951129697070716,0.03510791205511184,0.10440338491559534,0.9556513673228111,0.009256530760491396
train,long,677766,LR,0.1473602337423195,0.03576304411319673,0.11159718962912275,0.9565684153538939,0.009682145933425883
train,long,677968,LR,0.15924943326894891,0.03076430978737363,0.1284851234815753,0.9640049175661057,0.009250530445073263
train,long,679568,LR,0.17396379663420708,0.0590561340330824,0.11490766260112469,0.9608727518670135,0.00899068141997019
train,long,679770,LR,0.16876646703276715,0.042694833360776896,0.12607163367199029,0.9639800492708611,0.009084382349320668
train,long,680452,LR,0.17453272345234466,0.06469762270582567,0.10983510074651898,0.9614084901465141,0.008468582369623343
train,long,680957,LR,0.19333337307217988,0.0793139755851221,0.11401939748705778,0.9617466538528523,0.008725188805124124
train,long,683256,LR,0.2075320343718678,0.08771420484679776,0.11981782952506997,0.960230115096845,0.009523976922525691
train,long,685058,LR,0.19023380153325664,0.051898364151770585,0.13833543738148607,0.9663764878290265,0.009308387820330478
train,long,686969,LR,0.15400540330259405,0.04434145811954422,0.10966394518304982,0.9581971881085382,0.009152149162009359
train,long,687163,LR,0.16931785794915966,0.03793780641030622,0.13138005153885343,0.9629662463115043,0.009731998633875477
train,long,688569,LR,0.19679068994952234,0.04614496953277649,0.15064572041674582,0.9644691996637564,0.010675207616423831
train,long,690152,LR,0.3262584976242697,0.18461405579854798,0.14164444182572178,0.9668739872122905,0.009369411739494866
train,long,692964,LR,0.23456389441663655,0.09869488343998238,0.1358690109766542,0.9652118671547198,0.009467169558915486
train,long,695768,LR,0.1981424909807598,0.07010070458380124,0.1280417863969586,0.9616169585290574,0.00981861803525508
train,long,698168,LR,0.25763737528761727,0.15015957310872058,0.10747780217889666,0.9624566364149589,0.008072616639799308
train,long,700634,LR,0.20366402571593414,0.08386070909803285,0.11980331661790132,0.9565431449915266,0.010391120029661893
train,long,701535,LR,0.15487683248211387,0.04662228521024186,0.10825454727187202,0.9592284909596497,0.008812397823993743
train,long,702133,LR,0.26730378277852557,0.13116404667675258,0.13613973610177293,0.9642525624857775,0.009717248779195439
train,long,704238,LR,0.1645586005706535,0.045550221298896125,0.11900837927175738,0.9591029226612425,0.009733682858557111
train,long,705341,LR,0.14689735624913947,0.036576130935565526,0.11032122531357393,0.9577816475552823,0.009317403334898654
train,long,706040,LR,0.16518797267106336,0.05115428979764072,0.11403368287342266,0.9600005696217088,0.009126687659141873
train,long,707749,LR,0.23078030612140593,0.11655359259899187,0.11422671352241404,0.9621520994880601,0.00864748769058107
train,long,715041,LR,0.16367542781716785,0.045268973022972954,0.11840645479419488,0.9556747875208151,0.010480541464244883
train,long,715647,LR,0.205737890132159,0.0956565871800714,0.11008130295208762,0.9614487239648163,0.008470467007480791
train,long,720337,LR,0.16274535625454245,0.03622952776215366,0.12651582849238885,0.9627782158640055,0.009413752532465004
train,long,724446,LR,0.16638854229764896,0.02605003509424094,0.140338507203408,0.9641302996252997,0.010058102155929442
train,long,725751,LR,0.1983977769215984,0.04395658064490488,0.15444119627669353,0.9624887080492511,0.01159341690318571
train,long,727654,LR,0.19096057556641083,0.04289305496057143,0.1480675206058394,0.9695905527448865,0.009013830597880705
train,long,728454,LR,0.21576483701386562,0.09618369966214449,0.11958113735172113,0.9614257997303809,0.009229974208805029
train,long,729254,LR,0.166162062779797,0.05358830970979627,0.11257375307000074,0.9584964787791656,0.009332072595313094
train,long,729557,LR,0.15538791980108824,0.055792858546249775,0.09959506125483845,0.9581903645281317,0.008322487394173263
train,long,731140,LR,0.19954123353996425,0.07086477747363414,0.12867645606633013,0.9625042946440441,0.00964297183795756
train,long,732243,LR,0.21990360021036356,0.06320486836470592,0.15669873184565766,0.9689055104767567,0.009726155888350256
train,long,735148,LR,0.3799340512838784,0.26407346338749454,0.11586058789638377,0.9659279442885469,0.007859787456848797
train,long,742549,LR,0.2215712759901424,0.08450468951128424,0.13706658647885814,0.9635723992045093,0.009964957333404861
train,long,744553,LR,0.12846046857914223,0.03293445106751705,0.09552601751162515,0.9570494563217711,0.008187247349241008
train,long,748258,LR,0.16705221788869468,0.05909141286396087,0.1079608050247338,0.9601730348515781,0.008588689823849477
train,long,748662,LR,0.14313208429774085,0.04328253136717812,0.0998495529305627,0.9563410779819812,0.008706352757327918
train,long,749058,LR,0.22289137301659775,0.09917281459201899,0.12371855842457875,0.9629972794840578,0.009151028334384732
train,long,749361,LR,0.1584237494952835,0.0454703382619941,0.1129534112332894,0.9600207760652771,0.009022908570735812
train,long,751348,LR,0.18368224732255883,0.0817900512943674,0.1018921960281914,0.9567651248448403,0.008789209478747308
train,long,753150,LR,0.1968960619046683,0.03626456020033514,0.16063150170433318,0.968415214707594,0.01013820026010215
train,long,753251,LR,0.15504411192621131,0.03518831663833772,0.11985579528787359,0.9603304127398062,0.00949822672809108
train,long,756055,LR,0.13755112068138267,0.02816160285688296,0.10938951782449971,0.9574812549657383,0.009278729019732807
train,long,757764,LR,0.16032091886920427,0.05712607696059072,0.10319484190861357,0.959652558176532,0.008313597233108093
train,long,759869,LR,0.19980437332938505,0.05747835780904629,0.1423260155203388,0.965305215759083,0.009868171156173394
train,long,760551,LR,0.19366110941807818,0.08457732088274135,0.10908378853533678,0.9591551542984451,0.008916130392724922
train,long,761957,LR,0.17239192267844292,0.052625905945645875,0.11976601673279703,0.9597804840305924,0.009626387009343323
train,long,763557,LR,0.15433247311556192,0.029169887529057654,0.12516258558650428,0.9586195054008794,0.010351198164450598
train,long,765056,LR,0.21412510690493466,0.03534514769352698,0.17877995921140769,0.9634608036377128,0.013080414226477563
train,long,766563,LR,0.22401971548933272,0.0619982648722451,0.16202145061708767,0.969981392245044,0.009711607833303739
train,long,769064,LR,0.2092314525068422,0.06463820585030709,0.1445932466565351,0.9658863127285461,0.009860581333334683
train,long,770352,LR,0.1941382073110883,0.05628653076189322,0.1378516765491951,0.9656024062440842,0.009487755310827482
train,long,771354,LR,0.1678527813315295,0.05254474648131367,0.11530803485021583,0.9624574356237339,0.008644928906124174
train,long,773257,LR,0.18409859806358034,0.05456144460000076,0.12953715346357958,0.9616308907628933,0.009900733448039704
train,long,774663,LR,0.1749642691209721,0.04197713941235484,0.13298712970861723,0.9596646303425441,0.010724351619889333
train,long,782561,LR,0.17489621264364935,0.06739343832326415,0.10750277432038517,0.9609535705553851,0.008388043698012151
train,long,783462,LR,0.19344685130029757,0.05142020833613291,0.14202664296416462,0.9663811113865453,0.009555653102146133
train,long,786569,LR,0.17837303490427456,0.0707344894484625,0.1076385454558121,0.9580112036504892,0.009036667456163643
train,long,788674,LR,0.18322554643055655,0.07784739443680573,0.10537815199375081,0.955201658373875,0.009430039433391473
train,long,788876,LR,0.16978664458495812,0.049043145067068555,0.12074349951788955,0.9623867304461445,0.009064781850913287
train,long,792766,LR,0.25547792611654335,0.1262111756404079,0.12926675047613545,0.9676427614623933,0.008367930876388348
train,long,792867,LR,0.20437648794622598,0.07150324548463248,0.13287324246159354,0.9679166703905983,0.00853710532904048
train,long,793465,LR,0.19976526929339083,0.052874817810462556,0.14689045148292826,0.9635254142369711,0.010702146664337026
train,long,800941,LR,0.13920003954221324,0.02696863288833741,0.11223140665387585,0.9569619719053037,0.009651744557629212
train,long,802844,LR,0.16233184088598385,0.03819506292377583,0.12413677796220804,0.9639424860352663,0.008943225291611526
train,long,803240,LR,0.14585373110635624,0.03159539901846213,0.11425833208789414,0.9568080431895688,0.009867915254325477
train,long,804646,LR,0.28547827930719477,0.05557370239404253,0.22990457691315225,0.9770384867932923,0.01055126961342186
train,long,809252,LR,0.18618464638629106,0.07867959930716559,0.10750504707912546,0.957673724790129,0.009075334945343698
train,long,810439,LR,0.16569314677930339,0.05000658430483509,0.1156865624744683,0.9579364063114952,0.009710780762232696
train,long,812746,LR,0.20770071149254585,0.05609171906119624,0.15160899243134962,0.9646298614813876,0.010708519037454657
train,long,815247,LR,0.6036106594488929,0.4717442191526184,0.13186644029627467,0.9683403979134387,0.008365413397639377
train,long,816653,LR,0.16633952473883185,0.034038519399360014,0.13230100533947184,0.9675757869889783,0.00857599282239177
train,long,818455,LR,0.16778230551086115,0.046976445137195705,0.12080586037366546,0.9588382080844896,0.009923383528332488
train,long,818859,LR,0.15558670156310025,0.0369521579476378,0.11863454361546245,0.9614592060032686,0.00914493967175379
train,long,820745,LR,0.21689342977707923,0.10002159023620925,0.11687183954086995,0.9579557759583298,0.009808065101630854
train,long,825048,LR,0.19910640288375875,0.08506327576194295,0.11404312712181579,0.9599544001988151,0.00912425797161048
train,long,825553,LR,0.24268258790451602,0.10011731185194905,0.14256527605256697,0.9678510479280344,0.009163482801092625
train,long,825654,LR,0.16655371613660008,0.04449845241128543,0.1220552637253147,0.9617939225820398,0.009326352919045891
train,long,826353,LR,0.162979508556925,0.03958881281594227,0.12339069574098271,0.9659496216572844,0.00839127313344835
train,long,826454,LR,0.17747662518213875,0.02746207313866206,0.15001455204347666,0.9651322613498353,0.010457133192156413
train,long,827052,LR,0.21605955799653873,0.05043787966655158,0.1656216783299872,0.9745713537081201,0.008425896452335926
train,long,828862,LR,0.20960159232071784,0.05254087570173797,0.15706071661897994,0.9688472382702255,0.009792199573786244
train,long,833249,LR,0.21844424121440972,0.03677492827278023,0.18166931294162952,0.9713074486662384,0.010423364033636542
train,long,835657,LR,0.18027899087837573,0.06242302178262136,0.11785596909575435,0.9611054221069272,0.009162153617812254
train,long,837560,LR,0.17616918493477937,0.06223374983291102,0.11393543510186836,0.9601718327479186,0.009074617031105988
train,long,837964,LR,0.17434073759442856,0.05708345887503808,0.11725727871939046,0.9605531354827151,0.009245750936273809
train,long,841349,LR,0.17485484039536497,0.037362448355813385,0.13749239203955163,0.9634612088805851,0.010032494927281858
train,long,843151,LR,0.2661975609489973,0.08426751451147763,0.1819300464375197,0.9736484999390763,0.009574375810780236
train,long,845458,LR,0.15145459939436132,0.042110497976062075,0.10934410141829923,0.9602369611040361,0.008693630378709172
train,long,849971,LR,0.2063208933548707,0.05879192840641086,0.14752896494845982,0.964455121198001,0.010486786634887947
train,long,852455,LR,0.18459764430813533,0.06009742630094255,0.12450021800719276,0.9596549660217281,0.010044850495889924
train,long,856766,LR,0.18526724579685278,0.05277462193358741,0.13249262386326538,0.9660930952102068,0.008978637024655805
train,long,856968,LR,0.15699078962509597,0.03397872157096626,0.12301206805412973,0.9612680519297717,0.009529494731805838
train,long,857263,LR,0.16536923372807763,0.033997108143196564,0.13137212558488107,0.9611790522042561,0.01019136951795036
train,long,861456,LR,0.2235043856054654,0.10316619748675512,0.12033818811871025,0.9657253417798006,0.008231709649198646
train,long,869472,LR,0.190810886168498,0.08473007579003201,0.106080810378466,0.9576594024631225,0.0089933905773533
train,long,870861,LR,0.17518351549856212,0.04678516699258971,0.12839834850597243,0.9628945722550956,0.0095205399362377
train,long,871964,LR,0.16507798948890626,0.03749036266743453,0.12758762682147173,0.9631217659768894,0.009412926969218506
train,long,872158,LR,0.15579999221156998,0.04074536263550833,0.11505462957606165,0.9580424414233082,0.009631005049253091
train,long,872562,LR,0.14680168133394564,0.029568006153820197,0.11723367518012547,0.9620795001259358,0.008881474818951893
train,long,872764,LR,0.187716123295535,0.0729405373036296,0.11477558599190542,0.9593169049462875,0.00932792112036982
train,long,873968,LR,0.15571497957456018,0.02826893684442876,0.1274460427301314,0.960430078465249,0.010068795925650275
train,long,877269,LR,0.24867064800704322,0.1397201141155103,0.10895053389153288,0.959507768807199,0.00882410436581895
train,long,878776,LR,0.26081223079333027,0.12506125359910386,0.13575097719422638,0.9590413133508651,0.011105700879814448
train,long,878877,LR,0.18771992588259703,0.07711260003265968,0.11060732584993734,0.9570427744558373,0.009505887612287319
train,long,882161,LR,0.17481342303371164,0.048814125878123185,0.12599929715558847,0.9659717882421903,0.008572812930799418
train,long,884064,LR,0.17640633831417135,0.06246075503831502,0.11394558327585634,0.9624635672723652,0.008554570354277249
train,long,885975,LR,0.29938199844385516,0.15275838719563994,0.14662361124821519,0.9702130273159366,0.00870226757930356
train,long,887373,LR,0.1747414702736864,0.04804808853337786,0.1266933817403085,0.9661704096877918,0.008565174287929522
train,long,888678,LR,0.18057557838777666,0.063067702268752,0.11750787611902466,0.9588766731549198,0.009620243542690202
train,long,889579,LR,0.15547657684010563,0.030142245238744793,0.12533433160136084,0.9646284022434649,0.008844585930869458
train,long,891667,LR,0.18599781612592856,0.050152207933369546,0.135845608192559,0.9620574680087061,0.010314644911400234
train,long,898176,LR,0.3115322266140048,0.20459099882286505,0.10694122779113979,0.9614473589011524,0.008255427317096723
train,long,899885,LR,0.17585639533443945,0.0545326157266832,0.12132377960775625,0.962484518531891,0.009085238253741306
train,long,901038,LR,0.15693569723194317,0.04639093165809846,0.11054476557384474,0.9605381119797394,0.008722713059865236
train,long,901139,LR,0.23136108190298454,0.08519886636359038,0.14616221553939415,0.9670776080464184,0.009607151348770387
train,long,901442,LR,0.17728822529293028,0.06085204087601415,0.11643618441691611,0.9594869614111667,0.009425276658740447
train,long,907656,LR,0.22421435424314026,0.10246222949658008,0.12175212474656019,0.9603344058934833,0.009653499746697611
train,long,910241,LR,0.2343108248887108,0.09192010730102498,0.1423907175876858,0.9645592122764189,0.010099337765874418
train,long,910443,LR,0.17689786722203657,0.036789539137192656,0.14010832808484389,0.9657611809608101,0.009583580320630137
train,long,911849,LR,0.1876546656794244,0.0567633045554784,0.13089136112394603,0.9630936839037316,0.009642997683027612
train,long,917255,LR,0.15999347116109325,0.0468517246292177,0.11314174653187556,0.957453544067415,0.009626468918848592
train,long,917558,LR,0.17237235470122889,0.03529180489364532,0.13708054980758358,0.9653229181103838,0.009514157265692104
train,long,922854,LR,0.1876299024466429,0.05706651275595527,0.13056338969068762,0.9639758075791998,0.009392653636030101
train,long,926862,LR,0.17219314050872392,0.05288091573613893,0.11931222477258502,0.9577456006514187,0.010064690024012338
train,long,927359,LR,0.17095223226189238,0.04434983864982945,0.12660239361206296,0.9587622253940685,0.01042878226399724
train,long,932554,LR,0.13851565468685706,0.02886798297487122,0.10964767171198585,0.9599435843964559,0.008781812133391277
train,long,937160,LR,0.17444408641400752,0.07106769437977575,0.1033763920342318,0.9548310420737063,0.009336224966779142
train,long,942658,LR,0.21642823648470094,0.12167760554023326,0.09475063094446765,0.9557151573470423,0.008384029510872719
train,long,943862,LR,0.18509086523260848,0.05713001987371377,0.1279608453588947,0.9611500759274603,0.00993158811104381
train,long,952863,LR,0.17382161297284332,0.04632097748262935,0.12750063549021398,0.9602466835225957,0.010138642632423601
train,long,958976,LR,0.21421037356998093,0.08404282082343903,0.13016755274654188,0.9616568984087047,0.009972606523703532
train,long,959574,LR,0.16625741358561258,0.06942682569069843,0.09683058789491411,0.9572320371256687,0.00827930332681284
train,long,962058,LR,0.22653282148794776,0.09775559726482705,0.12877722422312074,0.9598128935562069,0.010338159121503486
train,long,965771,LR,0.18271135066641978,0.0649650146584473,0.11774633600797248,0.9623708068599249,0.008845466554182255
train,long,966975,LR,0.3249300222217505,0.2032236029888962,0.12170641923285429,0.9592305638920269,0.009929005403594647
train,long,969476,LR,0.16713522508293013,0.037613404355156595,0.12952182072777355,0.9612194068713723,0.010029039041235931
train,long,971160,LR,0.15215058641436827,0.029449221311247227,0.12270136510312105,0.9606216197599026,0.009653976645286378
train,long,972566,LR,0.18594529447150585,0.062407195330808594,0.12353809914069727,0.9622485299992681,0.009312319754986578
train,long,973770,LR,0.18359646701897092,0.03858377140088828,0.14501269561808264,0.9612123066069034,0.011217677126780125
train,long,978578,LR,0.1704271031058838,0.03215277113322487,0.1382743319726589,0.9651499802663484,0.009646556997952797
train,long,983773,LR,0.17452907646786472,0.03893187586245408,0.13559720060541064,0.9628648305671889,0.01004588764756006
train,long,984472,LR,0.21225074642968106,0.03456471894089885,0.1776860274887822,0.9751718543660156,0.008825298930626271
train,long,987074,LR,0.20515914282480724,0.05150091025784813,0.1536582325669591,0.967374573582211,0.010009076337823148
train,long,987983,LR,0.13284137415956115,0.037302024123069516,0.09553935003649164,0.9575060562037275,0.008112543629021836
train,long,989987,LR,0.19873527714501862,0.051253416888086545,0.14748186025693205,0.964201860395229,0.01056035766879179
train,long,990366,LR,0.148843050489256,0.039597964454453474,0.1092450860348025,0.9593811885449273,0.008866492070411593
train,long,992673,LR,0.19966101367548358,0.06091727650813456,0.13874373716734903,0.9712455491534572,0.007989925003821653
train,long,992774,LR,0.1615800631125982,0.04669176719003504,0.1148882959225632,0.9610885510371653,0.008917868261185291
train,long,993675,LR,0.1676843075928716,0.06345994488806234,0.10422436270480925,0.959252292648874,0.008492863079813132
train,long,994273,LR,0.2886076710713087,0.03692358508220996,0.25168408598909864,0.9750389991370858,0.01259093572018558
train,long,996782,LR,0.16599139602809862,0.03413671062021576,0.1318546854078829,0.9615407908204633,0.010146958998341274
val,full,101006,LR,0.17702458815330713,0.040824925470341666,0.13619966268296546,0.9629112638301136,0.010114544251327537
val,full,102614,LR,0.19470047277859517,0.07998024156959632,0.11472023120899882,0.9585746086945729,0.00950950591528365
val,full,103212,LR,0.15267492844849065,0.04551365610397473,0.10716127234451593,0.9600420208849735,0.008562202001537256
val,full,104012,LR,0.16874911667944525,0.0476721102911992,0.12107700638824605,0.9609419974905022,0.00947250434130096
val,full,106521,LR,0.15660628662834927,0.03594252632611503,0.12066376030223425,0.9620210127166076,0.009182089077693198
val,full,107725,LR,0.14610631334691201,0.04471078129947457,0.10139553204743747,0.9586621560086017,0.008382863418978247
val,full,114318,LR,0.1845060945590981,0.04223710457137977,0.14226898998771836,0.9641911902410011,0.010201073367397947
val,full,114823,LR,0.21433071207760568,0.053888378866448816,0.16044233321115686,0.9662574801716703,0.010848792001314882
val,full,116524,LR,0.24757162193056118,0.07543209329446166,0.17213952863609955,0.9729301207077445,0.009323471896528466
val,full,117122,LR,0.17780295642286223,0.04355740295690884,0.13424555346595338,0.9631030038238625,0.009925284603093361
val,full,118831,LR,0.23568448582044793,0.05517914694161973,0.18050533887882825,0.9714794848363941,0.010309696676672996
val,full,119732,LR,0.16124357466084968,0.04822794433641419,0.1130156303244355,0.9634754787772813,0.008253178955722426
val,full,119833,LR,0.17216089284042252,0.04155512477201744,0.13060576806840507,0.9631951053895413,0.009603630542120245
val,full,120010,LR,0.17515158922462423,0.02437331959952778,0.15077826962509647,0.9635137286756879,0.011026638866201255
val,full,123117,LR,0.174380518424625,0.06677991970986881,0.10760059871475619,0.9557349748863249,0.0095338319064497
val,full,123723,LR,0.17857641204900354,0.03894150159886585,0.13963491045013768,0.9608763118735436,0.010946224773887176
val,full,128935,LR,0.154846607406669,0.037982944926138226,0.11686366248053077,0.9630159383221761,0.0086595558405473
val,full,129331,LR,0.15569818706368627,0.05070523155032801,0.10499295551335823,0.9532678403454506,0.009821041993911287
val,full,130922,LR,0.18156295338241366,0.07202977804143317,0.10953317534098049,0.9603804092117636,0.008683859163702505
val,full,131217,LR,0.1548500371954287,0.043324172173998074,0.11152586502143061,0.9610629785279559,0.008696214037345678
val,full,133625,LR,0.15885594497580624,0.03416779568464846,0.12468814929115776,0.9581016195751184,0.010458206479490643
val,full,133827,LR,0.30129956007910896,0.17598751492390416,0.1253120451552048,0.9676710410215664,0.008093027648607703
val,full,134223,LR,0.15015101897133115,0.04142488532097647,0.10872613365035468,0.961347105032734,0.00841636076918998
val,full,134728,LR,0.1513994510350304,0.028006775613663642,0.12339267542136675,0.9643412821328587,0.008819623565887067
val,full,136631,LR,0.1937489403546566,0.05462936399675563,0.13911957635790093,0.9689281350270429,0.008655636467216328
val,full,137431,LR,0.19518020676477996,0.04112289685451578,0.1540573099102642,0.9671555306495271,0.01014289320591491
val,full,138231,LR,0.16070513031087405,0.054105470449250445,0.10659965986162363,0.9586910838663234,0.00881417740619123
val,full,140420,LR,0.15926578406833045,0.029626723089878574,0.12963906097845185,0.9667898088274424,0.008622569522981925
val,full,143426,LR,0.13454306421321366,0.02400552329481218,0.1105375409184015,0.9620279481448915,0.008398669410265784
val,full,144125,LR,0.18877740147004093,0.061265201965718656,0.1275121995043223,0.9569425591631244,0.010983987923487159
val,full,144428,LR,0.21851036944373226,0.041685130857624514,0.17682523858610774,0.9682227805178949,0.011265088464676925
val,full,144731,LR,0.1846649352098471,0.06397534079110931,0.1206895944187378,0.963539513680225,0.008810816199201021
val,full,145632,LR,0.13431956664852326,0.024413925020968563,0.1099056416275547,0.9583614799207731,0.009163628899372528
val,full,146129,LR,0.19616692887672807,0.06489905182543655,0.1312678770512915,0.9612691272218434,0.010177899648897051
val,full,146937,LR,0.13958061137627825,0.032860456465461596,0.10672015491081667,0.9591512546349474,0.008721298914663647
val,full,148032,LR,0.17529129137950877,0.06003655805884591,0.11525473332066284,0.960559029401447,0.009099475639566144
val,full,148133,LR,0.1786587323067547,0.05445024232406788,0.12420848998268681,0.9567774283581117,0.010750057649268535
val,full,149236,LR,0.23171387795381762,0.10829037286124195,0.1234235050925757,0.9637686069239996,0.008948758114388068
val,full,150726,LR,0.16810432184236132,0.041737902715825816,0.1263664191265355,0.9611931958823597,0.00981707525622379
val,full,152225,LR,0.2054864476765681,0.08672467012055377,0.11876177755601433,0.9590633566558411,0.009730784189834642
val,full,153126,LR,0.1513320091618129,0.03808775256550424,0.11324425659630868,0.9592413631051283,0.009239137785576815
val,full,153429,LR,0.1574307229756485,0.03409486924527619,0.1233358537303723,0.9585815238261525,0.010238741793101622
val,full,154330,LR,0.22969806944454949,0.11595504333976434,0.11374302610478514,0.9579034692664874,0.009574956208515588
val,full,155635,LR,0.1595417778659688,0.046304082801283376,0.11323769506468544,0.9607787134301051,0.008894326005427717
val,full,159946,LR,0.1778863060710705,0.056146131715412675,0.12174017435565783,0.9608070575899076,0.00955461079229808
val,full,160830,LR,0.1845807332496786,0.04323736617702402,0.14134336707265457,0.9680477317357263,0.009053549284131887
val,full,165941,LR,0.20069713602862466,0.09208595343570992,0.10861118259291475,0.9601383104901388,0.008664791437031904
val,full,166640,LR,0.22364906260521145,0.07355596016430904,0.1500931024409024,0.9690599950310638,0.009289329898281568
val,full,167743,LR,0.16103711717842137,0.044921431120297416,0.11611568605812393,0.964353747854901,0.008287001855730424
val,full,168139,LR,0.15852420479612186,0.027363160895333874,0.131161043900788,0.9624641993372782,0.009848671403791998
val,full,170934,LR,0.18083667620181793,0.06413387137808826,0.11670280482372968,0.9595733276524943,0.009446253925333124
val,full,172130,LR,0.16193197389379863,0.04676674999254839,0.11516522390125021,0.9566549407414792,0.009994739170087008
val,full,173334,LR,0.21287906149485547,0.05056972188010528,0.1623093396147502,0.9716287731317013,0.009212440737160455
val,full,175136,LR,0.14422706058863122,0.040386064280112176,0.10384099630851905,0.9573693156335976,0.008868978621532245
val,full,175540,LR,0.18338820930464636,0.044873058363869164,0.13851515094077718,0.9681913585357659,0.008817632685692224
val,full,176037,LR,0.20549112713078344,0.09091826144993302,0.11457286568085043,0.962997165937117,0.008480455795520236
val,full,176845,LR,0.1551006745771643,0.03799270567031433,0.11710796890684996,0.9627278068307362,0.008738947693642387
val,full,178243,LR,0.16098901608476196,0.04120113077290304,0.1197878853118589,0.9590857324547778,0.009814593895952748
val,full,180432,LR,0.14337757883355834,0.03468069951991242,0.10869687931364595,0.9601194887296992,0.008681837180592214
val,full,180836,LR,0.206643927627501,0.038758973273041925,0.16788495435445908,0.9686562631594022,0.010530291750708357
val,full,181131,LR,0.16607488029820275,0.055853139514717584,0.11022174078348516,0.9576803701026304,0.009339481439332324
val,full,181232,LR,0.1756095212059972,0.06560816944727586,0.11000135175872133,0.9614513982533553,0.008475379578662562
val,full,182840,LR,0.18650499607387638,0.04590854020569208,0.14059645586818434,0.962210892712611,0.010632506275135241
val,full,185038,LR,0.17244768498760984,0.06477209455135532,0.10767559043625453,0.9606822590717455,0.0084711018719
val,full,185846,LR,0.20122439822328222,0.04791462808433491,0.1533097701389473,0.963865724027091,0.011091440896033667
val,full,186040,LR,0.145905519032595,0.029416977725434126,0.11648854130716085,0.9593565327901578,0.009468945872755525
val,full,186848,LR,0.15427166866343195,0.03752961333517856,0.11674205532825337,0.9561405163798474,0.010236964744018102
val,full,187143,LR,0.17160837376674565,0.0532954692898275,0.11831290447691814,0.9592048488927779,0.009667728037533668
val,full,188145,LR,0.17338778000456645,0.045156845832033034,0.12823093417253342,0.965170670779282,0.008934110881078126
val,full,188448,LR,0.16214163958083033,0.05100229580249059,0.11113934377833973,0.9589773265780847,0.009127545311031637
val,full,191437,LR,0.14439224754592506,0.02836809196724051,0.11602415557868456,0.9622253017720559,0.00877911556250505
val,full,193845,LR,0.17187817357123003,0.05149525310277916,0.12038292046845087,0.9609876025112994,0.00940249849811204
val,full,195849,LR,0.1823190361835368,0.042346890146390696,0.13997214603714608,0.9659301693281565,0.009537777979759257
val,full,196346,LR,0.2007174010187062,0.06452629817068349,0.13619110284802274,0.9671880532658257,0.008947320122133175
val,full,196750,LR,0.21969549542785227,0.05798899526964172,0.16170650015821056,0.967621618556388,0.01047098385357958
val,full,197651,LR,0.16550524565521071,0.03569673729272358,0.12980850836248714,0.9658388503803499,0.008879922873437378
val,full,200210,LR,0.137165695124965,0.025167191335951033,0.11199850378901398,0.9595699059390175,0.009070072963961048
val,full,201818,LR,0.19932467828348963,0.09047877933452113,0.10884589894896848,0.9602647724441674,0.008647283054445652
val,full,203418,LR,0.15038937309803596,0.035254136674447566,0.11513523642358842,0.9613346732046569,0.00891929853138134
val,full,204016,LR,0.17225548200585017,0.06422672492252014,0.10802875708333003,0.9579798529567561,0.009080731903497145
val,full,204319,LR,0.15984570723946198,0.04490935534820388,0.1149363518912581,0.9634957723502738,0.008402208301996294
val,full,204622,LR,0.17404295117632287,0.05464323622056527,0.11939971495575762,0.9588359897476529,0.009833231690437698
val,full,205220,LR,0.16331652338469776,0.028385999879635276,0.13493052350506246,0.965916244207444,0.009214246838856752
val,full,206222,LR,0.14608554614949643,0.035826485666281965,0.11025906048321447,0.9610276591008416,0.008605254282158243
val,full,206525,LR,0.24412014100206422,0.10346436186486728,0.14065577913719696,0.9610350642631222,0.010950790913262776
val,full,208125,LR,0.180256881460846,0.04486913909742712,0.1353877423634189,0.9650430341840273,0.00948033669525212
val,full,208226,LR,0.1446530032703466,0.04646758112397585,0.09818542214637074,0.9551298244566707,0.008811842264979884
val,full,208630,LR,0.2190655289138492,0.05169228900752761,0.1673732399063216,0.9701142130961002,0.010011923512932487
val,full,210617,LR,0.14466873432375682,0.03676029428040812,0.10790844004334871,0.9599432617831624,0.008647537706902318
val,full,211215,LR,0.23117451162093536,0.04662721933408393,0.18454729228685143,0.9703035834692341,0.010989104060139232
val,full,211417,LR,0.151328154387258,0.03740770584967138,0.11392044853758665,0.9585441319645628,0.009457630077228274
val,full,211619,LR,0.1695026795509137,0.02864290802415651,0.1408597715267572,0.9662891769048818,0.009512432945102787
val,full,214019,LR,0.16453562862825125,0.05238036928344544,0.11215525934480582,0.9608041376275681,0.008800880484867385
val,full,224022,LR,0.18740438351208671,0.04792861773376619,0.13947576577832055,0.9662131304048889,0.009440696459005147
val,full,246133,LR,0.19586033638153952,0.07041466227121805,0.12544567411032145,0.9634454195239885,0.009173195635901889
val,full,250932,LR,0.16295026204371063,0.0521435564656797,0.1108067055780309,0.9630695767499707,0.008194806390596762
val,full,255639,LR,0.13910804421979706,0.03528226860470157,0.10382577561509548,0.9569822134807892,0.00892029811452344
val,full,257946,LR,0.23378680683366254,0.08654538680519284,0.1472414200284697,0.9700248241370726,0.008836595309662668
val,full,280739,LR,0.17268050197293655,0.058664967491430055,0.11401553448150649,0.9613409046350962,0.008824426355838563
val,full,287248,LR,0.22059338478557208,0.07046078082498276,0.15013260396058936,0.967487281826926,0.009779561375292067
val,full,303624,LR,0.20602157700557103,0.053887078309086754,0.15213449869648432,0.9628439238193915,0.011325140758981616
val,full,307127,LR,0.14649237448677435,0.02924467541464031,0.11724769907213406,0.9595174558569557,0.009506660431338848
val,full,308331,LR,0.19303108213455428,0.06581342475344187,0.1272176573811124,0.9596685487712762,0.010269025916423232
val,full,339847,LR,0.13994901833206858,0.03582746038183794,0.10412155795023062,0.9620123273847414,0.00791732188048772
val,full,352132,LR,0.15162850371477296,0.028364386676154364,0.1232641170386186,0.9630324291608257,0.009126152242848223
val,full,361234,LR,0.1963999561067235,0.045184529206195374,0.1512154269005281,0.9712110843369661,0.008713285330189693
val,full,362034,LR,0.19506178731039014,0.046749312133064325,0.14831247517732582,0.9692796046900815,0.009112312233120244
val,full,371843,LR,0.14249301783606425,0.03274940613194513,0.10974361170411913,0.9618371033600334,0.008383469615330309
val,full,376247,LR,0.19602081725575052,0.07394653500366306,0.1220742822520875,0.9576266674881923,0.010361463674158442
val,full,381038,LR,0.15367943262424633,0.04727837461126629,0.10640105801298003,0.9586302994695194,0.008813798427656857
val,full,387959,LR,0.237979610198866,0.05207004376665749,0.1859095664322085,0.9724792084161298,0.01025066048488857
val,full,392447,LR,0.1818564227168347,0.02803863751060827,0.1538177852062264,0.9668963953949703,0.010198538927028442
val,full,393247,LR,0.17851513335746375,0.05037943096478605,0.12813570239267766,0.9634897577639899,0.009346849970770918
val,full,414229,LR,0.16638098746772909,0.04113643063063551,0.1252445568370936,0.9610657632446034,0.00977166787730085
val,full,415837,LR,0.16860725412778216,0.0396694569557188,0.12893779717206336,0.9650909879726866,0.009010160533779697
val,full,422632,LR,0.15871405753151138,0.04654829022896434,0.11216576730254704,0.9584121518200266,0.009338501487740933
val,full,485757,LR,0.19293872446697274,0.03780903862866544,0.15512968583830727,0.9711847156690597,0.008952660668084362
val,full,517239,LR,0.3768870212414629,0.22131223886157456,0.1555747823798883,0.9655237684270093,0.010726614987127807
val,full,531940,LR,0.19578572387355725,0.04074801961306086,0.15503770426049635,0.9666299426927604,0.010366839211903343
val,full,557857,LR,0.17877864009847264,0.060786646870089896,0.11799199322838275,0.9600752015108925,0.009433088621075471
val,full,559457,LR,0.1741806749788559,0.07777419528777585,0.09640647969108003,0.9511294061233423,0.009421115062040606
val,full,561444,LR,0.19269831994502082,0.0765403269431321,0.11615799300188871,0.9600363061841836,0.009286933174919762
val,full,561949,LR,0.15950910354231762,0.03777396682552048,0.12173513671679714,0.9622224619883567,0.009213129237256592
val,full,567759,LR,0.1605967009310546,0.036296551238463086,0.1243001496925915,0.958917031918117,0.010224988973901826
val,full,571144,LR,0.14547484679486147,0.025133209494447157,0.1203416373004143,0.9597111251799446,0.009703743231732578
val,full,580650,LR,0.18979886530855639,0.07281123076874264,0.11698763453981374,0.9605305818585268,0.009246121743901667
val,full,581450,LR,0.17151740780109084,0.040240620929005454,0.13127678687208538,0.9650057615295342,0.009208493511189691
val,full,597869,LR,0.1596273065885737,0.03347214626082983,0.12615516032774382,0.9611308408142971,0.009818085493439307
val,full,638049,LR,0.13561522564098838,0.028004742592924133,0.10761048304806424,0.9604831325838158,0.008516215289668705
val,full,657659,LR,0.15712209760317583,0.04857067154558105,0.10855142605759478,0.9584484192863106,0.009033608734560031
val,full,665254,LR,0.1522019756304087,0.05178559210123602,0.1004163835291727,0.9535406155046541,0.009333636527216454
val,full,694362,LR,0.1603945281191129,0.03100020607267654,0.12939432204643636,0.9576271687624818,0.010962501147572053
val,full,709551,LR,0.15796515123921792,0.03923001127849084,0.11873513996072708,0.9592005097644676,0.009704244125770752
val,full,715950,LR,0.1823126813209832,0.05787032312771199,0.12444235819327122,0.9583882713350643,0.010370844649423587
val,full,727553,LR,0.1977282595003734,0.08104015862191144,0.11668810087846199,0.9601585440070505,0.009295434528024175
val,full,737960,LR,0.18251489742353283,0.06726853324949755,0.11524636417403526,0.9598345582777296,0.009264050624101516
val,full,779370,LR,0.17828419011286764,0.04346656026967525,0.1348176298431924,0.9657286922698883,0.009245679958300963
val,full,792564,LR,0.1686632521550217,0.030742555281920686,0.13792069687310102,0.9624238344150969,0.01037286663717059
val,full,810843,LR,0.21386903107063102,0.0927713477064931,0.12109768336413794,0.9584260341454596,0.010076084294571032
val,full,832651,LR,0.23806414528992886,0.041443843848507876,0.19662030144142098,0.9740897019388759,0.01020608012919836
val,full,844961,LR,0.16085304447483037,0.04994270743805433,0.11091033703677605,0.9602038969976215,0.008837608100412224
val,full,849264,LR,0.19177210073883336,0.06327359571310774,0.1284985050257256,0.9638104088962399,0.009294602232224952
val,full,865363,LR,0.20842740428655918,0.05875431342077786,0.14967309086578134,0.9707936630267753,0.008737643353353784
val,full,867468,LR,0.15584540753776135,0.04101352385549319,0.11483188368226817,0.9610866295254278,0.008949621094654041
val,full,880157,LR,0.17238728838639156,0.03428684863344525,0.13810043975294634,0.9593899211523799,0.01123782732670701
val,full,894067,LR,0.17724306722942385,0.05899420497671594,0.11824886225270792,0.9602708860879082,0.00940599998835005
val,full,894774,LR,0.17575708135011303,0.035329697317150355,0.14042738403296265,0.9642544193536792,0.010054791763675634
val,full,896879,LR,0.14533697909158633,0.03245881567770926,0.11287816341387705,0.9580635740880946,0.009470010034767596
val,full,902242,LR,0.1745464173280613,0.04167847390442144,0.13286794342363986,0.9611759726300493,0.010334462368479567
val,full,905147,LR,0.16425957048208953,0.045795492559192824,0.1184640779228967,0.9585014617228045,0.009842781462162038
val,full,908860,LR,0.17210865095677066,0.034405629819599076,0.1377030211371716,0.964502763505458,0.009799928371584875
val,full,912447,LR,0.17120600034044864,0.0646130069323805,0.10659299340806815,0.9571455414020217,0.009138181077379109
val,full,929464,LR,0.19804926390601313,0.08027565184951267,0.11777361205650046,0.962040335733367,0.008954205150420813
val,full,930449,LR,0.26688665441008547,0.14675210840697872,0.12013454600310676,0.9591367029382001,0.009820483953941967
val,full,933253,LR,0.1688197709552765,0.04211974227812995,0.12670002867714653,0.9620203445332893,0.009632595853314158
val,full,947668,LR,0.22953903549062338,0.11741530524072193,0.1121237302499015,0.9589396303262396,0.00920843156547488
val,full,957974,LR,0.15533616769748118,0.046946757775734115,0.10838940992174705,0.9593514666360112,0.008825007869253509
val,full,991267,LR,0.15918236765751737,0.03649711673733496,0.12268525092018243,0.9625530343064639,0.00920345140377431
val,long,101006,LR,0.18476045835849644,0.04429337467493432,0.14046708368356212,0.9641016275174545,0.010081834425270548
val,long,102614,LR,0.20374074875859707,0.08883007643893315,0.11491067231966393,0.9582561745144009,0.009588992621878711
val,long,103212,LR,0.1570258563398415,0.052126709746032056,0.10489914659380946,0.959528637671445,0.008470431458500323
val,long,104012,LR,0.17656075433343302,0.05227247947961088,0.12428827485382213,0.9613445830594275,0.009613260076745837
val,long,106521,LR,0.1629800678102719,0.03902234057383732,0.1239577272364346,0.9624085228501593,0.009327040377069929
val,long,107725,LR,0.1530535216112276,0.05021417829347908,0.10283934331774851,0.9588108005746825,0.00845884258015275
val,long,114318,LR,0.1931765809137001,0.04682371856416567,0.14635286234953443,0.9645767847297134,0.010371850014499187
val,long,114823,LR,0.2235284119661373,0.06368913811764533,0.15983927384849195,0.9660125263875624,0.010859600763555351
val,long,116524,LR,0.2549677939299565,0.07532148881533475,0.17964630511462176,0.9739672923802241,0.009345560908627547
val,long,117122,LR,0.18439560524942653,0.05153254415889345,0.13286306109053309,0.9621949061651782,0.010041727847459662
val,long,118831,LR,0.24769726495572986,0.06531283085969483,0.18238443409603505,0.9711262031322762,0.010514980335844342
val,long,119732,LR,0.1649834711425861,0.05262538771818481,0.1123580834244013,0.9632005804541266,0.008244910730665838
val,long,119833,LR,0.18046624684534424,0.0480237733018704,0.13244247354347383,0.9628238670726095,0.009803666001507885
val,long,120010,LR,0.18248876971873423,0.025898177184893463,0.15659059253384078,0.9639142055986422,0.01131648794931851
val,long,123117,LR,0.18109791639724712,0.07193599521367111,0.10916192118357601,0.955742242265645,0.009662109333848444
val,long,123723,LR,0.1869120894249868,0.04273669180304544,0.14417539762194137,0.9614159942384723,0.011137238745222221
val,long,128935,LR,0.15794294595531633,0.04093256360452154,0.11701038235079478,0.963124831828632,0.008627047052629124
val,long,129331,LR,0.1608521504472388,0.05412694447572006,0.10672520597151877,0.9532923924600134,0.009968896335747152
val,long,130922,LR,0.18942573537713603,0.07987110605694688,0.10955462932018918,0.960107882017853,0.00872314557329608
val,long,131217,LR,0.16174339656994577,0.048739238427940854,0.11300415814200493,0.961013744767635,0.008812855501138741
val,long,133625,LR,0.15714502326475482,0.03563224494253184,0.121512778322223,0.9566321635049112,0.010509181153760799
val,long,133827,LR,0.3197719539361431,0.20464605988258314,0.11512589405355993,0.9642400884558062,0.008201527499847927
val,long,134223,LR,0.15308774134349684,0.04889641744029774,0.10419132390319913,0.9592850970859991,0.008465794856591864
val,long,134728,LR,0.15865399825127982,0.030732443423287337,0.12792155482799247,0.9652248299680727,0.008906323954703898
val,long,136631,LR,0.20358211679589458,0.06338428409870432,0.14019783269719022,0.969223577018687,0.0086392972872242
val,long,137431,LR,0.20009835251823244,0.041529851486092666,0.15856850103213976,0.9685865218329422,0.009980949414040732
val,long,138231,LR,0.16937741833121314,0.06149128449601392,0.10788613383519921,0.9583790361769745,0.008982154314463446
val,long,140420,LR,0.16320927113721814,0.03134804009837111,0.13186123103884703,0.966707276259058,0.008780007324824871
val,long,143426,LR,0.13764758613651734,0.02593058843294275,0.1117169977035746,0.9623394796912289,0.008408573676838957
val,long,144125,LR,0.19593352356153862,0.06626286957706387,0.12967065398447472,0.9568425076160156,0.011183420438565727
val,long,144428,LR,0.22897287326065244,0.045592253720363386,0.18338061954028906,0.96917515636696,0.011326234499529146
val,long,144731,LR,0.1938420201091862,0.07603190276722305,0.11781011734196312,0.96204786229227,0.008935425544067233
val,long,145632,LR,0.13969942183781775,0.027014262007935975,0.1126851598298818,0.9590174349058253,0.009232964101243265
val,long,146129,LR,0.20321746230601656,0.07906023281468963,0.12415722949132696,0.9588720919274728,0.010180518294578304
val,long,146937,LR,0.14211679978249708,0.035278105377201295,0.10683869440529581,0.9596322969117813,0.008614068685857594
val,long,148032,LR,0.18199872632708608,0.06441762391157649,0.11758110241550958,0.9611872395876507,0.009122552725126945
val,long,148133,LR,0.18764782749424452,0.062329124823208605,0.1253187026710359,0.9558567789163652,0.01105720381130249
val,long,149236,LR,0.24407021428601303,0.1265097700107438,0.11756044427526925,0.9616197015611939,0.009016956709601221
val,long,150726,LR,0.17383002422508465,0.04355295751755446,0.1302770667075302,0.9618613284712636,0.009940704679835714
val,long,152225,LR,0.20877851863145605,0.08977549949237387,0.11900301913908218,0.9601137781421623,0.009494901494353893
val,long,153126,LR,0.15738860444637243,0.042558246416571625,0.1148303580298008,0.9594954539812496,0.009296596078682481
val,long,153429,LR,0.163037596152709,0.03713310029266003,0.12590449586004895,0.9586826989325598,0.010416830845323173
val,long,154330,LR,0.23667776368326246,0.1240712869770008,0.11260647670626166,0.9584597712290917,0.009345735712098395
val,long,155635,LR,0.1645643047244004,0.04869262714128605,0.11587167758311434,0.9612971963571438,0.008973169536832868
val,long,159946,LR,0.1859233262305673,0.06218900005873521,0.12373432617183208,0.9609353428797378,0.009669478326479849
val,long,160830,LR,0.191853810274094,0.046136581578403175,0.14571722869569087,0.9683797310416252,0.009229831422285143
val,long,165941,LR,0.21022101113519137,0.10266165917184751,0.10755935196334387,0.9592358251728572,0.008759374077656947
val,long,166640,LR,0.23444505842730357,0.08324131373267796,0.15120374469462564,0.9690455976704075,0.009348841346104893
val,long,167743,LR,0.16662379675223377,0.05133284411389081,0.11529095263834296,0.9639654298616169,0.008297060903393542
val,long,168139,LR,0.16279264296706386,0.029008249727813344,0.13378439323925054,0.9623867267237337,0.010044494702810122
val,long,170934,LR,0.18882839159740347,0.07176849696534136,0.11705989463206207,0.9592460774610252,0.009542885720836357
val,long,172130,LR,0.16761776732984482,0.05128916023325348,0.11632860709659132,0.9562159968745269,0.010183794446489581
val,long,173334,LR,0.2214464755410082,0.05686186041766847,0.16458461512333972,0.9722599810619162,0.009111252093875505
val,long,175136,LR,0.1495876571518402,0.04487835942095211,0.10470929773088807,0.9571009588079953,0.008979788402317114
val,long,175540,LR,0.18857170777220633,0.04908241614532717,0.13948929162687917,0.9675643098740988,0.009029376818472996
val,long,176037,LR,0.21670200878988982,0.10598335482327632,0.11071865396661354,0.9613356723429107,0.00856134534229381
val,long,176845,LR,0.16120749691015537,0.04210909235119538,0.11909840455896,0.9629383849994124,0.008815591323893226
val,long,178243,LR,0.168951919339818,0.04638410058350767,0.12256781875631034,0.9593493132743,0.009969826750100186
val,long,180432,LR,0.14714867709737364,0.03727484631637558,0.10987383078099805,0.9603022441231417,0.008723294551986567
val,long,180836,LR,0.21621693677032003,0.04087616299594442,0.17534077377437565,0.969548749648288,0.010675917749863222
val,long,181131,LR,0.17438780260252773,0.0635418826254202,0.11084591997710758,0.9572615080755944,0.009461415009099984
val,long,181232,LR,0.18382458540266514,0.0740118878322635,0.10981269757040162,0.9608507332511448,0.008581293178937955
val,long,182840,LR,0.1942847775481555,0.053583071030819746,0.14070170651733577,0.9617322717786433,0.010758300958063351
val,long,185038,LR,0.18240433873133208,0.07444109466327577,0.10796324406805635,0.96020643252267,0.008587247996390846
val,long,185846,LR,0.2111184141094119,0.05680712615179059,0.1543112879576213,0.964176807795086,0.011045574855219056
val,long,186040,LR,0.15205705330385383,0.03314900287529156,0.11890805042856227,0.9591932742046096,0.009684699933315891
val,long,186848,LR,0.15889039101068034,0.04269890374674882,0.11619148726393151,0.9554046711347434,0.010334813728994443
val,long,187143,LR,0.17778028232246998,0.058965269110907534,0.11881501321156247,0.9591101511873,0.009711714186607562
val,long,188145,LR,0.18159660388739776,0.05154760180477014,0.13004900208262765,0.9653616908441971,0.00899969035277605
val,long,188448,LR,0.16760301616042392,0.05573275165377929,0.1118702645066446,0.9592606177556987,0.009106383693807953
val,long,191437,LR,0.14742772467761095,0.03181450785779637,0.11561321681981461,0.961833683794348,0.008817208577786154
val,long,193845,LR,0.18000599576505702,0.05938620384116536,0.12061979192389168,0.9607082884172139,0.009476756826567134
val,long,195849,LR,0.19016486979568106,0.04753840800423345,0.1426264617914476,0.9661922666105975,0.009619662929065178
val,long,196346,LR,0.2099974483800919,0.07170188056141809,0.13829556781867383,0.9675456996318201,0.008977913576897678
val,long,196750,LR,0.22820801097092266,0.06337825774386854,0.1648297532270541,0.967572597545243,0.01066703892815312
val,long,197651,LR,0.16782881097922794,0.04115998749782633,0.1266688234814016,0.9651677071518453,0.008814764578792303
val,long,200210,LR,0.1421768673661026,0.027449049112851915,0.11472781825325068,0.9597438703283455,0.009240116555830595
val,long,201818,LR,0.20875767919866123,0.10040297233750022,0.10835470686116105,0.9593985632685951,0.008793744899062072
val,long,203418,LR,0.15558992511656156,0.03823046964642992,0.11735945547013166,0.9617238520667674,0.00898387538179736
val,long,204016,LR,0.1765186605997831,0.06838259231244045,0.10813606828734265,0.9573102856608472,0.009220776903010286
val,long,204319,LR,0.16524541930372794,0.05392277181370018,0.11132264749002775,0.9625513592532374,0.008330433482891999
val,long,204622,LR,0.1821698581360258,0.06112843037495089,0.1210414277610749,0.958696429062992,0.009990473056750103
val,long,205220,LR,0.16837756868908316,0.03375708311818053,0.13462048557090261,0.9649441849902594,0.009439479435590918
val,long,206222,LR,0.14979292444648845,0.03936330464914719,0.11042961979734128,0.9599688339651452,0.008827943557403056
val,long,206525,LR,0.2537854492093946,0.11048066007109096,0.14330478913830366,0.9605023087184874,0.011298953652107008
val,long,208125,LR,0.18838498304099027,0.049710279619481074,0.13867470342150914,0.9650337166131092,0.009701412334158922
val,long,208226,LR,0.15010920187301527,0.0524829298548696,0.09762627201814565,0.9547882827777076,0.008818525868983388
val,long,208630,LR,0.22863510036677331,0.060882847901122375,0.16775225246565095,0.9696209607785701,0.010177836875213349
val,long,210617,LR,0.1493024061628908,0.03971441010790279,0.10958799605498802,0.96017790734167,0.00871675137249999
val,long,211215,LR,0.23356362109362752,0.050071004517461645,0.18349261657616586,0.9695977714326005,0.011151443864760401
val,long,211417,LR,0.1561363134577673,0.044084519800242146,0.11205179365752513,0.9573231345063988,0.009560410437695127
val,long,211619,LR,0.17861363015605466,0.033424975449090906,0.14518865470696374,0.9665971653175438,0.009707017441448336
val,long,214019,LR,0.164660932448624,0.054225967207579266,0.11043496524104472,0.9607341718760025,0.008650003701034784
val,long,224022,LR,0.19310287489339323,0.054550399632950296,0.13855247526044295,0.9650103673395579,0.009695609683896841
val,long,246133,LR,0.2039335110408791,0.07881148771352213,0.12512202332735697,0.9633379086896429,0.009167864839891304
val,long,250932,LR,0.16815215433123296,0.05670086022923124,0.11145129410200172,0.9633325493778285,0.00817266995637802
val,long,255639,LR,0.1437311900593066,0.04077738113131586,0.10295380892799075,0.9557281653025372,0.009088647717721386
val,long,257946,LR,0.24539458268452705,0.10153691669004382,0.14385766599448324,0.9690003439182326,0.008920961914680321
val,long,280739,LR,0.18020905885430896,0.06592192970342285,0.11428712915088608,0.9607416622441992,0.008961447129559447
val,long,287248,LR,0.22791682755236753,0.07130622555647909,0.15661060199588844,0.9682082883189878,0.009968483902322434
val,long,303624,LR,0.21485876645084404,0.06042271210961705,0.154436054341227,0.9624059583214601,0.011611409576021779
val,long,307127,LR,0.1516611650675594,0.032070045403824146,0.11959111966373524,0.9600841381263316,0.009548281738310313
val,long,308331,LR,0.20199826372960836,0.07166008764242938,0.13033817608717901,0.959684267783978,0.010505424992017124
val,long,339847,LR,0.1422839702194455,0.03906083127358555,0.10322313894585995,0.9619045322570946,0.007850667476850204
val,long,352132,LR,0.1566532034131811,0.02977481212422535,0.12687839128895573,0.9633516792307606,0.00929817758940518
val,long,361234,LR,0.20612173317424992,0.05266350341700037,0.15345822975724957,0.9711377098346902,0.008849091350153958
val,long,362034,LR,0.20410495723207217,0.05152303613643913,0.15258192109563304,0.9693127634208,0.009351530233491053
val,long,371843,LR,0.14454824590155524,0.03385171943462383,0.11069652646693141,0.9620098932740256,0.008398212466426587
val,long,376247,LR,0.20187046865093794,0.07767858554584,0.12419188310509792,0.9570305502690873,0.01066927045569451
val,long,381038,LR,0.15881991463449224,0.052000936839969564,0.10681897779452268,0.9588244383571166,0.00879417253947839
val,long,387959,LR,0.24918789771170619,0.06032501391059096,0.1888628838011152,0.9723451185070737,0.010440226827822863
val,long,392447,LR,0.1905855616488398,0.03300406029563347,0.1575815013532063,0.9669078198753321,0.010435202203052303
val,long,393247,LR,0.18674884388123775,0.05538697493276217,0.13136186894847554,0.9640373579624537,0.009422322830285747
val,long,414229,LR,0.17294576237988746,0.04415343414038183,0.12879232823950568,0.9623822436996339,0.009696945481367014
val,long,415837,LR,0.17296466578746614,0.04580974206131874,0.12715492372614737,0.9640729761337382,0.009123932827223201
val,long,422632,LR,0.16346110693268803,0.04982034729091069,0.11364075964177733,0.9584239938142226,0.009449544746599158
val,long,485757,LR,0.19868566282241654,0.044471925052745526,0.15421373776967098,0.970357635327115,0.009122263567168193
val,long,517239,LR,0.4006697713709959,0.25424794217650437,0.14642182919449154,0.9634787100602995,0.010690472060467223
val,long,531940,LR,0.20403264132300977,0.045393334720845877,0.15863930660216388,0.9668835402497749,0.010518069944034175
val,long,557857,LR,0.185268684140004,0.0656014587200342,0.11966722541996981,0.959682931290321,0.009651483690144331
val,long,559457,LR,0.18023753482408678,0.08148795488989256,0.09874957993419418,0.9517233200836378,0.009532911095014114
val,long,561444,LR,0.20152132735487985,0.09075440656073791,0.11076692079414195,0.9571148678775491,0.009475759705315846
val,long,561949,LR,0.1653857730996572,0.04243311061598857,0.12295266248366865,0.9621015610159199,0.009310438191372882
val,long,567759,LR,0.16463113267479068,0.0394361806701232,0.1251949520046675,0.9588520885091163,0.010283104770848997
val,long,571144,LR,0.1514142534603119,0.027822253355924184,0.12359200010438771,0.9605850447947181,0.009730290023626603
val,long,580650,LR,0.19835390258603483,0.0810286084185931,0.11732529416744172,0.9599556335506081,0.009392027625478836
val,long,581450,LR,0.17979639933186617,0.04469517068928942,0.13510122864257676,0.9653870951589795,0.009368018099898717
val,long,597869,LR,0.1655779746674006,0.0358236543878058,0.1297543202795948,0.9614145488660034,0.010007599879085496
val,long,638049,LR,0.14026435195449996,0.03006573486266903,0.11019861709183092,0.9610165209670526,0.008587330773461743
val,long,657659,LR,0.1627951977187044,0.05378073972558822,0.10901445799311615,0.9583778050713175,0.009071697534143074
val,long,665254,LR,0.15781647841851296,0.05800299543399281,0.09981348298452017,0.9552909572079435,0.008922295902724541
val,long,694362,LR,0.1666204271231484,0.03435619506331298,0.13226423205983545,0.9580738762125545,0.01107189749232796
val,long,709551,LR,0.16166490987277762,0.044723975252002245,0.11694093462077536,0.9580975207546355,0.009793445571095525
val,long,715950,LR,0.18701666452815513,0.06104515479224016,0.12597150973591498,0.9581974862825896,0.010524329683729395
val,long,727553,LR,0.20622569420005932,0.09065024554841053,0.11557544865164879,0.9597745800318915,0.009281434054274148
val,long,737960,LR,0.19142960650554447,0.07839986854217601,0.11302973796336849,0.9586544305032878,0.009340076110794805
val,long,779370,LR,0.18618047520358394,0.04642955944159365,0.13975091576199028,0.9661286870121383,0.009460426331553131
val,long,792564,LR,0.17159806303366315,0.03257494411121133,0.13902311892245178,0.962450436571452,0.01042444382215289
val,long,810843,LR,0.22320036784542976,0.10137104223218922,0.12182932561324053,0.9588146935759161,0.010033259205313949
val,long,832651,LR,0.24906299392068934,0.044801651907798896,0.20426134201289042,0.975145045799719,0.010157598491949542
val,long,844961,LR,0.16703758249085712,0.05510839855283325,0.11192918393802385,0.9599987129803537,0.008954223456343864
val,long,849264,LR,0.1974117032620226,0.06802318421529638,0.12938851904672619,0.9635631906944517,0.009413384135890329
val,long,865363,LR,0.2174730301633608,0.0613605442605212,0.15611248590283958,0.9716564419747794,0.008837722644100585
val,long,867468,LR,0.16084357645737862,0.046391558845986405,0.11445201761139223,0.9605305858684784,0.009027213121900576
val,long,880157,LR,0.17971950177592017,0.039469387853706746,0.1402501139222134,0.9593993095449485,0.011390265181301672
val,long,894067,LR,0.18284778144057157,0.06235611841361286,0.12049166302695871,0.9607051936351896,0.00946992904674657
val,long,894774,LR,0.17854462881950917,0.03884840164232244,0.13969622717718672,0.9631920683041698,0.010270288975699905
val,long,896879,LR,0.15068480337577236,0.03454563129768725,0.11613917207808513,0.9582785226603167,0.009684412608096028
val,long,902242,LR,0.18013670200178128,0.0459131930317169,0.13422350897006438,0.9614082336968856,0.010357838273202276
val,long,905147,LR,0.17001901202673386,0.0498712400806479,0.12014777194608597,0.9593792397700682,0.009763920300844794
val,long,908860,LR,0.17711767339785137,0.03619455504890788,0.14092311834894347,0.9645834944892769,0.009991186519729559
val,long,912447,LR,0.1799225298759874,0.07426713808291191,0.10565539179307548,0.9559365482271339,0.009305125674789583
val,long,929464,LR,0.20034725469011627,0.08189354702135411,0.11845370766876218,0.9617836165446063,0.009059368677051354
val,long,930449,LR,0.2610269729207767,0.14070090863468274,0.12032606428609396,0.9585435522479359,0.009968052057577741
val,long,933253,LR,0.17490200929426114,0.04582783544366735,0.12907417385059378,0.9632628690986778,0.00947348356869479
val,long,947668,LR,0.24076741480222122,0.13050884349929642,0.11025857130292478,0.9573634267110946,0.009396736361405778
val,long,957974,LR,0.16116888379318348,0.051813537135508354,0.10935534665767513,0.9597279682300055,0.008811522681857274
val,long,991267,LR,0.16620344168023024,0.03996343351377982,0.12624000816645042,0.9630782309572097,0.009330928022033738
